Raw value,Corresponding cumulative value,Corresponding logistic value,Fractional area,Training omission,Test omission
7.46866E-8,0.000007469,0.000520883,1,0,0
9.2074E-8,0.000016676,0.00064207,0.999908097,0,0
1.02517E-7,0.000026928,0.000714841,0.999816193,0,0
1.43941E-7,0.000053962,0.001003393,0.999632387,0,0
1.6606E-7,0.000102463,0.001157408,0.999356677,0,0
2.09208E-7,0.000265293,0.001457705,0.998529547,0,0
2.63836E-7,0.000524643,0.001837638,0.99751861,0,0
3.62241E-7,0.001018112,0.002521307,0.996048157,0,0
5.16043E-7,0.002535491,0.003587972,0.992923445,0,0
6.3932E-7,0.00501131,0.00444129,0.988971602,0,0
7.85434E-7,0.010032635,0.0054508,0.98253837,0,0
1.1102E-6,0.0250747,0.00768729,0.967925742,0,0
1.51865E-6,0.050088641,0.01048586,0.950556015,0,0
2.58568E-6,0.100236477,0.01772285,0.927120669,0,0
4.05792E-6,0.200052688,0.027536003,0.899090157,0.001070664,0.004291845
5.5044E-6,0.300079633,0.036988411,0.879698557,0.001070664,0.008583691
6.98087E-6,0.400420229,0.046449117,0.864902123,0.001070664,0.008583691
8.29569E-6,0.500396047,0.05471894,0.852862788,0.001070664,0.008583691
9.31645E-6,0.600114232,0.061040929,0.842477713,0.001070664,0.008583691
1.04638E-5,0.700380024,0.068046895,0.833103575,0.001070664,0.008583691
1.10254E-5,0.750963184,0.071438236,0.828784119,0.001070664,0.008583691
1.15162E-5,0.800675115,0.074381547,0.824740373,0.002141328,0.008583691
1.23471E-5,0.900469341,0.079322712,0.817020494,0.003211991,0.008583691
1.31429E-5,1.000506873,0.084005619,0.809852036,0.004282655,0.012875536
1.39664E-5,1.100926958,0.08880189,0.80305119,0.004282655,0.012875536
1.4716E-5,1.201037542,0.093123855,0.796617958,0.005353319,0.017167382
1.53298E-5,1.300100526,0.096632906,0.790552339,0.007494647,0.021459227
1.58855E-5,1.400083241,0.099786171,0.784670527,0.009635974,0.021459227
1.63746E-5,1.500253719,0.102543567,0.778972521,0.010706638,0.021459227
1.79729E-5,1.7515256,0.111437232,0.765554637,0.014989293,0.025751073
1.93237E-5,2.00034069,0.118817732,0.753239592,0.014989293,0.025751073
2.0622E-5,2.25065011,0.12579603,0.741751677,0.016059957,0.025751073
2.19356E-5,2.501458119,0.132745805,0.730907086,0.019271949,0.025751073
2.30071E-5,2.75102381,0.138332893,0.720705817,0.020342612,0.025751073
2.41891E-5,3.001630696,0.144413502,0.710964066,0.023554604,0.025751073
2.53257E-5,3.251263264,0.150180302,0.701681831,0.025695931,0.025751073
2.65114E-5,3.502418208,0.15611339,0.692767209,0.029978587,0.025751073
2.79436E-5,3.751567724,0.163171203,0.684404007,0.031049251,0.025751073
2.9094E-5,4.000246627,0.168754791,0.676408418,0.031049251,0.025751073
3.05026E-5,4.250158766,0.175491721,0.66868854,0.034261242,0.025751073
3.16807E-5,4.501481561,0.181042196,0.661244371,0.035331906,0.025751073
3.28733E-5,4.750270007,0.186586012,0.654167815,0.03640257,0.025751073
3.40573E-5,5.001540059,0.192015719,0.647275067,0.037473233,0.025751073
3.5509E-5,5.252367327,0.19857511,0.640658028,0.039614561,0.025751073
3.6686E-5,5.501570066,0.203815954,0.634316699,0.042826552,0.025751073
3.78317E-5,5.751652933,0.208851443,0.628159177,0.043897216,0.030042918
3.90109E-5,6.001531557,0.213968714,0.622185461,0.043897216,0.030042918
4.03181E-5,6.251608491,0.219563999,0.616395552,0.04496788,0.034334764
4.139E-5,6.500798013,0.224093408,0.610789449,0.046038544,0.034334764
4.24975E-5,6.752308381,0.228717982,0.60527525,0.046038544,0.034334764
4.37538E-5,7.002442662,0.233897959,0.599944858,0.048179872,0.034334764
4.49828E-5,7.251346294,0.238898417,0.594798272,0.051391863,0.038626609
4.63212E-5,7.502417375,0.244270083,0.58974359,0.053533191,0.038626609
4.76553E-5,7.75183981,0.249549902,0.584872714,0.055674518,0.038626609
4.89449E-5,8.003527442,0.254583474,0.580093741,0.056745182,0.038626609
4.99575E-5,8.251168385,0.258489095,0.575498575,0.05888651,0.042918455
5.08195E-5,8.503061132,0.26178165,0.57090341,0.062098501,0.042918455
5.19689E-5,8.754883931,0.266126826,0.566400147,0.063169165,0.042918455
5.32295E-5,9.002258808,0.270833858,0.562080691,0.064239829,0.0472103
5.42457E-5,9.250135642,0.274584464,0.557853138,0.065310493,0.051502146
5.53216E-5,9.502281742,0.278513713,0.553625586,0.066381156,0.051502146
5.65895E-5,9.754071453,0.28309014,0.549489937,0.06745182,0.064377682
5.77443E-5,10.00566914,0.287207908,0.545446191,0.069593148,0.064377682
5.86231E-5,10.250162971,0.290309828,0.541586251,0.071734475,0.064377682
5.96513E-5,10.504550802,0.293905098,0.537634409,0.071734475,0.072961373
6.0859E-5,10.751408092,0.298081613,0.533866373,0.076017131,0.072961373
6.19485E-5,11.003209084,0.30180766,0.530098337,0.078158458,0.072961373
6.29587E-5,11.252811496,0.305226839,0.526422204,0.079229122,0.072961373
6.38936E-5,11.500373647,0.30836185,0.522837974,0.082441113,0.072961373
6.51444E-5,11.751965927,0.312511921,0.519253745,0.084582441,0.072961373
6.60371E-5,12.001388759,0.315443464,0.515761419,0.086723769,0.072961373
6.69743E-5,12.254323295,0.318494421,0.512269093,0.088865096,0.077253219
6.80245E-5,12.504027529,0.321880879,0.50886867,0.08993576,0.08583691
6.88371E-5,12.750548371,0.324478494,0.505560151,0.092077088,0.08583691
6.98232E-5,13.000293616,0.327603825,0.502251631,0.093147752,0.08583691
7.09181E-5,13.253662081,0.331040345,0.498943112,0.095289079,0.090128755
7.16506E-5,13.503145753,0.333319893,0.495726496,0.096359743,0.103004292
7.25333E-5,13.755445251,0.336046326,0.49250988,0.098501071,0.107296137
7.35563E-5,14.003818537,0.339178476,0.489385167,0.098501071,0.107296137
7.4314E-5,14.255324086,0.341479061,0.486260454,0.102783726,0.111587983
7.4969E-5,14.501638852,0.343455328,0.483227645,0.10385439,0.111587983
7.60604E-5,14.750829007,0.346721631,0.480194835,0.104925054,0.111587983
7.68365E-5,15.002957515,0.349024846,0.477162026,0.105995717,0.111587983
7.75816E-5,15.257745512,0.351220465,0.474129216,0.107066381,0.111587983
7.82578E-5,15.507261407,0.353200421,0.47118831,0.109207709,0.115879828
7.89332E-5,15.750942537,0.355166233,0.468339307,0.110278373,0.115879828
7.98152E-5,16.005077907,0.357715169,0.465398401,0.113490364,0.124463519
8.06266E-5,16.254008878,0.360042453,0.462549398,0.117773019,0.13304721
8.14153E-5,16.505184885,0.362288361,0.459700395,0.120985011,0.13304721
8.23649E-5,16.750920756,0.364971927,0.456943296,0.124197002,0.137339056
8.33259E-5,17.00780761,0.367664592,0.454094293,0.12633833,0.141630901
8.38144E-5,17.250260433,0.369024398,0.451429097,0.128479657,0.141630901
8.45146E-5,17.502778551,0.37096388,0.448671997,0.132762313,0.145922747
8.51853E-5,17.75731176,0.372810102,0.445914898,0.13490364,0.145922747
8.57022E-5,18.005092801,0.374225836,0.443249701,0.137044968,0.145922747
8.64741E-5,18.254745443,0.37632797,0.440584505,0.138115632,0.145922747
8.71101E-5,18.506394245,0.378049467,0.437919309,0.139186296,0.150214592
8.78487E-5,18.751341407,0.38003668,0.435346016,0.140256959,0.158798283
8.87803E-5,19.007493836,0.382525259,0.43268082,0.142398287,0.163090129
8.95352E-5,19.257362173,0.384527122,0.430107527,0.144539615,0.163090129
9.02216E-5,19.500100727,0.386336059,0.427626137,0.145610278,0.167381974
9.10757E-5,19.754054741,0.388572142,0.425052844,0.149892934,0.175965665
9.15958E-5,20.00067265,0.389925997,0.422571455,0.152034261,0.175965665
9.23982E-5,20.258365444,0.392002818,0.419998162,0.154175589,0.175965665
9.30187E-5,20.508624629,0.393599163,0.417516772,0.15738758,0.175965665
9.34772E-5,20.751125752,0.394773268,0.415127286,0.161670236,0.175965665
9.40431E-5,21.00426276,0.396216277,0.412645897,0.163811563,0.175965665
9.45811E-5,21.25885846,0.397581786,0.410164507,0.164882227,0.175965665
9.52438E-5,21.505572968,0.399255423,0.407775021,0.167023555,0.175965665
9.56894E-5,21.753793168,0.400375434,0.405385534,0.17130621,0.175965665
9.63646E-5,22.003553198,0.402064604,0.402996048,0.17130621,0.180257511
9.70387E-5,22.254985123,0.40374159,0.400606562,0.172376874,0.188841202
9.74185E-5,22.507773817,0.404682453,0.398217076,0.174518201,0.188841202
9.82756E-5,22.752538086,0.406794541,0.395919493,0.175588865,0.188841202
9.88163E-5,23.008756269,0.408119087,0.393530006,0.176659529,0.193133047
9.92951E-5,23.25642686,0.409287387,0.391232423,0.178800857,0.197424893
1.00047E-4,23.505794811,0.411111414,0.388934841,0.17987152,0.197424893
1.00445E-4,23.756376275,0.412074339,0.386637258,0.182012848,0.197424893
1.00957E-4,24.008218461,0.413306268,0.384339675,0.186295503,0.197424893
1.01362E-4,24.250985746,0.414277047,0.382133995,0.190578158,0.206008584
1.01915E-4,24.505272025,0.415598956,0.379836412,0.192719486,0.206008584
1.02437E-4,24.75056142,0.416838794,0.377630732,0.194860814,0.210300429
1.03157E-4,25.007657586,0.418543194,0.37533315,0.195931478,0.210300429
1.03705E-4,25.255788953,0.419834294,0.37312747,0.197002141,0.214592275
1.0428E-4,25.505339596,0.421180437,0.37092179,0.198072805,0.214592275
1.05076E-4,25.75657245,0.423034882,0.368716111,0.201284797,0.223175966
1.05684E-4,26.009397371,0.424443488,0.366510431,0.208779443,0.227467811
1.06205E-4,26.252969033,0.425646464,0.364396655,0.209850107,0.231759657
1.06879E-4,26.508566432,0.427193253,0.362190975,0.210920771,0.231759657
1.074E-4,26.755000568,0.428383371,0.360077199,0.215203426,0.231759657
1.07865E-4,27.002540954,0.429441246,0.357963422,0.21627409,0.236051502
1.08596E-4,27.251545167,0.431098757,0.355849646,0.218415418,0.240343348
1.09125E-4,27.501958563,0.432290486,0.35373587,0.219486081,0.248927039
1.09728E-4,27.753626442,0.433642731,0.351622094,0.220556745,0.248927039
1.10279E-4,28.006496438,0.434873928,0.349508317,0.222698073,0.248927039
1.10783E-4,28.260824851,0.435993699,0.347394541,0.225910064,0.248927039
1.11203E-4,28.505047996,0.436924577,0.345372668,0.229122056,0.248927039
1.11881E-4,28.750413964,0.438420472,0.343350795,0.230192719,0.253218884
1.12467E-4,29.008409221,0.439707475,0.341237019,0.233404711,0.25751073
1.13361E-4,29.256871235,0.441659852,0.339215146,0.236616702,0.266094421
1.14126E-4,29.507114278,0.443318396,0.337193273,0.23875803,0.270386266
1.14806E-4,29.758904291,0.444784166,0.3351714,0.243040685,0.278969957
1.15279E-4,30.000459562,0.445800532,0.33324143,0.243040685,0.278969957
1.15816E-4,30.254693575,0.446949399,0.331219557,0.246252677,0.283261803
1.16348E-4,30.510048198,0.448082196,0.329197684,0.24732334,0.283261803
1.16965E-4,30.755063835,0.449390989,0.327267714,0.24732334,0.291845494
1.17603E-4,31.001341365,0.450737366,0.325337745,0.248394004,0.291845494
1.18175E-4,31.260664954,0.451938493,0.323315872,0.251605996,0.291845494
1.18818E-4,31.509537937,0.453282688,0.321385902,0.25267666,0.291845494
1.19441E-4,31.759675529,0.454578696,0.319455932,0.254817987,0.291845494
1.19981E-4,32.011096372,0.455696648,0.317525963,0.255888651,0.300429185
1.2038E-4,32.251448304,0.456521311,0.315687896,0.259100642,0.30472103
1.21241E-4,32.505173831,0.458289411,0.313757927,0.26124197,0.309012876
1.21577E-4,32.760132128,0.458976837,0.311827957,0.263383298,0.309012876
1.22168E-4,33.003987395,0.460180698,0.309989891,0.265524625,0.313304721
1.22856E-4,33.261256397,0.461575999,0.308059921,0.269807281,0.313304721
1.23375E-4,33.507448531,0.462625534,0.306221855,0.273019272,0.313304721
1.23944E-4,33.754873679,0.463769236,0.304383788,0.2751606,0.313304721
1.24468E-4,34.003137087,0.464818763,0.302545722,0.276231263,0.317596567
1.2495E-4,34.25259786,0.465779694,0.300707656,0.278372591,0.317596567
1.25501E-4,34.503021182,0.46687575,0.298869589,0.280513919,0.317596567
1.2599E-4,34.754612114,0.467842439,0.297031523,0.284796574,0.317596567
1.26477E-4,35.007057251,0.468803996,0.295193456,0.288008565,0.321888412
1.26704E-4,35.260251901,0.469250048,0.29335539,0.290149893,0.321888412
1.2734E-4,35.501572084,0.470496967,0.291609227,0.294432548,0.326180258
1.27764E-4,35.756661931,0.471325119,0.289771161,0.295503212,0.326180258
1.28714E-4,36.000421464,0.4731717,0.288024998,0.296573876,0.330472103
1.29143E-4,36.258279453,0.474000698,0.286186931,0.299785867,0.339055794
1.29705E-4,36.504146243,0.47508341,0.284440768,0.302997859,0.339055794
1.30333E-4,36.751208428,0.476288418,0.282694605,0.305139186,0.339055794
1.30883E-4,37.012421572,0.477339291,0.280856539,0.309421842,0.343347639
1.31353E-4,37.261636878,0.47823461,0.279110376,0.311563169,0.347639485
1.31847E-4,37.511704017,0.47917058,0.277364213,0.312633833,0.35193133
1.32217E-4,37.762583289,0.479870271,0.27561805,0.313704497,0.35193133
1.32775E-4,38.001090548,0.480921238,0.27396379,0.313704497,0.360515021
1.33302E-4,38.253796938,0.481910466,0.272217627,0.317987152,0.360515021
1.33974E-4,38.507768801,0.483165732,0.270471464,0.319057816,0.364806867
1.34641E-4,38.763055036,0.484405807,0.268725301,0.32012848,0.373390558
1.35138E-4,39.005810833,0.48532675,0.267071041,0.322269807,0.373390558
1.35721E-4,39.263205558,0.486401465,0.265324878,0.326552463,0.373390558
1.36354E-4,39.508196902,0.487563576,0.263670619,0.32869379,0.373390558
1.36657E-4,39.75393852,0.488117701,0.262016359,0.331905782,0.377682403
1.37154E-4,40.000439142,0.489025413,0.260362099,0.335117773,0.381974249
1.37588E-4,40.255957797,0.489814877,0.258615936,0.336188437,0.381974249
1.38255E-4,40.509695838,0.491023815,0.256961676,0.338329764,0.386266094
1.38576E-4,40.758905034,0.491603397,0.255307417,0.340471092,0.386266094
1.39255E-4,41.008943715,0.492824479,0.253653157,0.343683084,0.386266094
1.39803E-4,41.260053325,0.493807488,0.251998897,0.346895075,0.386266094
1.40453E-4,41.51225032,0.494965717,0.250344637,0.347965739,0.386266094
1.40826E-4,41.751359968,0.495629246,0.248782281,0.352248394,0.386266094
1.41534E-4,42.00544879,0.496882737,0.247128021,0.353319058,0.39055794
1.42159E-4,42.260901754,0.497985109,0.245473762,0.357601713,0.394849785
1.42683E-4,42.502971508,0.498903813,0.243911405,0.360813704,0.394849785
1.43178E-4,42.760328692,0.499770697,0.242257145,0.36509636,0.394849785
1.43593E-4,43.004117619,0.500494028,0.240694789,0.367237687,0.394849785
1.44076E-4,43.263008861,0.50133263,0.239040529,0.371520343,0.394849785
1.44766E-4,43.508533958,0.502527091,0.237478173,0.374732334,0.399141631
1.45243E-4,43.755041409,0.503349814,0.235915817,0.376873662,0.399141631
1.45702E-4,44.002332127,0.504138499,0.23435346,0.381156317,0.399141631
1.4643E-4,44.250598263,0.505384421,0.232791104,0.384368308,0.399141631
1.46838E-4,44.514539404,0.506080557,0.231136844,0.384368308,0.399141631
1.47442E-4,44.750046318,0.507105734,0.229666391,0.385438972,0.399141631
1.47662E-4,45.000884117,0.507479175,0.228104035,0.3875803,0.399141631
1.48067E-4,45.252292776,0.508163627,0.226541678,0.3875803,0.399141631
1.48549E-4,45.504360634,0.508976137,0.224979322,0.391862955,0.399141631
1.49162E-4,45.757403013,0.510004587,0.223416965,0.395074946,0.399141631
1.49627E-4,46.011395301,0.510782194,0.221854609,0.397216274,0.399141631
1.50195E-4,46.251230331,0.511728685,0.220384156,0.398286938,0.399141631
1.50824E-4,46.50718639,0.512773308,0.218821799,0.399357602,0.403433476
1.5125E-4,46.764024554,0.513477735,0.217259443,0.401498929,0.403433476
1.51753E-4,47.006476684,0.514306906,0.21578899,0.404710921,0.403433476
1.52187E-4,47.264838163,0.515020985,0.214226634,0.408993576,0.403433476
1.52818E-4,47.508891132,0.516053692,0.21275618,0.41006424,0.407725322
1.5365E-4,47.754209715,0.517409956,0.211285727,0.412205567,0.407725322
1.54032E-4,48.000392918,0.518029528,0.209815274,0.416488223,0.407725322
1.54683E-4,48.262928507,0.519083496,0.208252918,0.416488223,0.407725322
1.55222E-4,48.510878356,0.51995208,0.206782465,0.41862955,0.412017167
1.55781E-4,48.759797808,0.520848586,0.205312012,0.420770878,0.412017167
1.56478E-4,49.009587489,0.52196284,0.203841559,0.422912206,0.416309013
1.5695E-4,49.26031635,0.522713885,0.202371106,0.423982869,0.420600858
1.57542E-4,49.511946262,0.523653606,0.200900653,0.428265525,0.420600858
1.58041E-4,49.764466025,0.524441398,0.199430199,0.43254818,0.429184549
1.58627E-4,50.002049361,0.525365053,0.19805165,0.434689507,0.429184549
1.59169E-4,50.256325597,0.52621541,0.196581197,0.435760171,0.429184549
1.59748E-4,50.511365651,0.52711996,0.195110743,0.437901499,0.429184549
1.60272E-4,50.751354183,0.527936529,0.193732194,0.438972163,0.429184549
1.61065E-4,51.008336366,0.529166541,0.192261741,0.443254818,0.433476395
1.61676E-4,51.250480395,0.530109235,0.190883191,0.446466809,0.433476395
1.62396E-4,51.503624892,0.531215932,0.189412738,0.447537473,0.43776824
1.63106E-4,51.753725556,0.532302282,0.188034188,0.449678801,0.446351931
1.63898E-4,52.015390728,0.533509099,0.186563735,0.449678801,0.446351931
1.64513E-4,52.261748958,0.534441283,0.185185185,0.452890792,0.450643777
1.65117E-4,52.509123242,0.535352587,0.183806635,0.452890792,0.459227468
1.6562E-4,52.757149913,0.536109571,0.182428086,0.457173448,0.467811159
1.66143E-4,53.005855848,0.536893201,0.181049536,0.459314775,0.467811159
1.66687E-4,53.255396145,0.537705446,0.179670986,0.459314775,0.467811159
1.67399E-4,53.505953806,0.538765098,0.178292436,0.462526767,0.467811159
1.6804E-4,53.757689317,0.53971397,0.176913887,0.462526767,0.467811159
1.68835E-4,54.010285991,0.540887005,0.175535337,0.465738758,0.480686695
1.69289E-4,54.263941074,0.541553982,0.174156787,0.467880086,0.480686695
1.6965E-4,54.501237968,0.542082251,0.172870141,0.468950749,0.484978541
1.70494E-4,54.75645451,0.543313952,0.171491591,0.474304069,0.484978541
1.70943E-4,55.012594563,0.543966353,0.170113041,0.47751606,0.484978541
1.71235E-4,55.252164405,0.544389879,0.168826395,0.478586724,0.489270386
1.71709E-4,55.509422109,0.545075192,0.167447845,0.482869379,0.493562232
1.72447E-4,55.750390091,0.546138015,0.166161198,0.48608137,0.493562232
1.72948E-4,56.0094591,0.5468583,0.164782649,0.489293362,0.497854077
1.73519E-4,56.251969593,0.547673621,0.163496002,0.492505353,0.502145923
1.74146E-4,56.512767076,0.548567596,0.162117452,0.496788009,0.502145923
1.74587E-4,56.756870056,0.549193931,0.160830806,0.496788009,0.502145923
1.75297E-4,57.001827344,0.55019879,0.15954416,0.497858672,0.506437768
1.76044E-4,57.265315798,0.551250943,0.15816561,0.498929336,0.506437768
1.7652E-4,57.512167473,0.551918919,0.156878963,0.501070664,0.506437768
1.77426E-4,57.760067835,0.553183797,0.155592317,0.505353319,0.506437768
1.78139E-4,58.008946935,0.554175602,0.15430567,0.50856531,0.506437768
1.78683E-4,58.258729162,0.554928648,0.153019024,0.509635974,0.510729614
1.79226E-4,58.509352164,0.55567799,0.151732378,0.512847966,0.510729614
1.80127E-4,58.761093071,0.556915683,0.150445731,0.51391863,0.510729614
1.80542E-4,59.013592051,0.557483749,0.149159085,0.514989293,0.510729614
1.8109E-4,59.26680659,0.558231353,0.147872438,0.520342612,0.515021459
1.81606E-4,59.502591062,0.558932103,0.146677695,0.523554604,0.519313305
1.82303E-4,59.757339398,0.559877178,0.145391049,0.526766595,0.52360515
1.82972E-4,60.013096219,0.560778663,0.144104402,0.526766595,0.52360515
1.84023E-4,60.25162622,0.562188842,0.142909659,0.528907923,0.52360515
1.84604E-4,60.50965112,0.562965153,0.141623013,0.533190578,0.527896996
1.85089E-4,60.750014009,0.563610868,0.140428269,0.537473233,0.532188841
1.85707E-4,61.009593197,0.564430535,0.139141623,0.540685225,0.532188841
1.8636E-4,61.251309305,0.565292778,0.13794688,0.543897216,0.532188841
1.87008E-4,61.512766593,0.566145531,0.136660233,0.547109208,0.532188841
1.87624E-4,61.756352847,0.566952671,0.13546549,0.551391863,0.532188841
1.88057E-4,62.000600545,0.567518804,0.134270747,0.555674518,0.532188841
1.88701E-4,62.264408178,0.568357681,0.132984101,0.557815846,0.532188841
1.89474E-4,62.510312079,0.569360818,0.131789358,0.559957173,0.532188841
1.9014E-4,62.757082603,0.570220925,0.130594614,0.561027837,0.540772532
1.90808E-4,63.004873899,0.571079607,0.129399871,0.564239829,0.549356223
1.91416E-4,63.253372667,0.571859692,0.128205128,0.566381156,0.549356223
1.91968E-4,63.502612952,0.572564405,0.127010385,0.568522484,0.553648069
1.92687E-4,63.752728109,0.573478415,0.125815642,0.571734475,0.557939914
1.93574E-4,64.003730442,0.574601172,0.124620899,0.572805139,0.557939914
1.94433E-4,64.256026185,0.575683348,0.123426156,0.574946467,0.570815451
1.94787E-4,64.509072211,0.576127656,0.122231413,0.576017131,0.570815451
1.9541E-4,64.76274584,0.576907727,0.121036669,0.580299786,0.570815451
1.96309E-4,65.017648154,0.578027587,0.119841926,0.584582441,0.575107296
1.9698E-4,65.253641072,0.578859949,0.118739086,0.587794433,0.579399142
1.98052E-4,65.510271259,0.580182019,0.117544343,0.591006424,0.592274678
1.98728E-4,65.768110599,0.581011623,0.1163496,0.592077088,0.592274678
1.99322E-4,66.006908008,0.581738326,0.11524676,0.595289079,0.596566524
2.00547E-4,66.26685532,0.583228241,0.114052017,0.597430407,0.596566524
2.01053E-4,66.507746853,0.58384048,0.112949177,0.599571734,0.596566524
2.01791E-4,66.769569366,0.584731124,0.111754434,0.600642398,0.596566524
2.02431E-4,67.012012743,0.585498902,0.110651595,0.60385439,0.596566524
2.03023E-4,67.255269915,0.58620761,0.109548755,0.605995717,0.600858369
2.03709E-4,67.510553324,0.587025565,0.108354012,0.609207709,0.600858369
2.04293E-4,67.764571506,0.587719235,0.107251172,0.610278373,0.605150215
2.0486E-4,68.010094305,0.588391635,0.106148332,0.611349036,0.605150215
2.05868E-4,68.256540679,0.589579694,0.105045492,0.613490364,0.613733906
2.06418E-4,68.504016226,0.590224989,0.103942652,0.617773019,0.613733906
2.07136E-4,68.752124003,0.591064645,0.102839813,0.620985011,0.622317597
2.07636E-4,69.001037883,0.591647485,0.101736973,0.623126338,0.622317597
2.08246E-4,69.250599736,0.592355992,0.100634133,0.625267666,0.622317597
2.09207E-4,69.501192615,0.593467089,0.099531293,0.62633833,0.630901288
2.10078E-4,69.752784611,0.594469167,0.098428453,0.630620985,0.630901288
2.10836E-4,70.00533264,0.595336519,0.097325613,0.632762313,0.630901288
2.11921E-4,70.259162565,0.596572854,0.096222774,0.635974304,0.635193133
2.12547E-4,70.513865853,0.597282608,0.095119934,0.639186296,0.635193133
2.12878E-4,70.769144773,0.59765675,0.094017094,0.644539615,0.635193133
2.13643E-4,71.003840297,0.598518623,0.093006158,0.652034261,0.635193133
2.14488E-4,71.260861851,0.599466836,0.091903318,0.658458244,0.643776824
2.1546E-4,71.518956213,0.600552296,0.090800478,0.662740899,0.656652361
2.16106E-4,71.756427035,0.601269955,0.089789541,0.667023555,0.656652361
2.17131E-4,72.016426419,0.602404419,0.088686702,0.667023555,0.660944206
2.17727E-4,72.25567679,0.603060435,0.087675765,0.670235546,0.665236052
2.18604E-4,72.517477793,0.604021826,0.086572925,0.67130621,0.669527897
2.19198E-4,72.758293069,0.604671049,0.085561989,0.676659529,0.669527897
2.20081E-4,73.021963797,0.60563164,0.084459149,0.676659529,0.669527897
2.2052E-4,73.257797699,0.606108037,0.083448212,0.678800857,0.669527897
2.22062E-4,73.508095645,0.607770004,0.082437276,0.678800857,0.686695279
2.22749E-4,73.752862922,0.608506403,0.081426339,0.683083512,0.690987124
2.23558E-4,74.02068842,0.609369701,0.0803235,0.686295503,0.690987124
2.24306E-4,74.267123105,0.610163966,0.079312563,0.687366167,0.69527897
2.25446E-4,74.514711284,0.611369629,0.078301627,0.690578158,0.699570815
2.26455E-4,74.763284541,0.612430208,0.07729069,0.691648822,0.699570815
2.27158E-4,75.01288891,0.613165748,0.076279754,0.69379015,0.703862661
2.27754E-4,75.263054591,0.613786647,0.075268817,0.694860814,0.703862661
2.28531E-4,75.503693353,0.614593462,0.074257881,0.698072805,0.703862661
2.29133E-4,75.765915266,0.615216143,0.073246944,0.698072805,0.708154506
2.30734E-4,76.018835183,0.616863564,0.072236008,0.701284797,0.716738197
2.3221E-4,76.250196979,0.618369231,0.071316975,0.703426124,0.716738197
2.33051E-4,76.506282669,0.619222079,0.070306038,0.709850107,0.716738197
2.34063E-4,76.76322511,0.620243628,0.069295102,0.710920771,0.725321888
2.35123E-4,77.021358145,0.62130692,0.068284165,0.713062099,0.725321888
2.36406E-4,77.257139352,0.622587117,0.067365132,0.71627409,0.729613734
2.3743E-4,77.517803511,0.62360148,0.066354195,0.719486081,0.729613734
2.38084E-4,77.755537923,0.624247482,0.065435162,0.721627409,0.729613734
2.38619E-4,78.017797117,0.6247738,0.064424226,0.722698073,0.729613734
2.39768E-4,78.257001061,0.625899218,0.063505193,0.7248394,0.733905579
2.4086E-4,78.521477487,0.626962823,0.062494256,0.7248394,0.738197425
2.42136E-4,78.763159265,0.628197346,0.061575223,0.726980728,0.74248927
2.43073E-4,79.005803686,0.629099189,0.06065619,0.730192719,0.746781116
2.44235E-4,79.273837402,0.630210572,0.059645253,0.732334047,0.746781116
2.45034E-4,79.518477705,0.630971596,0.05872622,0.736616702,0.746781116
2.45446E-4,79.763765482,0.631362948,0.057807187,0.737687366,0.755364807
2.46518E-4,80.009940128,0.632376524,0.056888154,0.741970021,0.755364807
2.47431E-4,80.256992807,0.633236048,0.05596912,0.744111349,0.755364807
2.48125E-4,80.504766483,0.63388566,0.055050087,0.748394004,0.755364807
2.48907E-4,80.753249494,0.634615891,0.054131054,0.753747323,0.755364807
2.49729E-4,81.002735793,0.635380443,0.053212021,0.756959315,0.759656652
2.50413E-4,81.252867817,0.636013459,0.052292988,0.760171306,0.763948498
2.51972E-4,81.504127093,0.637449134,0.051373955,0.763383298,0.768240343
2.53169E-4,81.75656532,0.638543653,0.050454921,0.765524625,0.768240343
2.54186E-4,82.010240226,0.639468408,0.049535888,0.769807281,0.768240343
2.55934E-4,82.265493247,0.641046552,0.048616855,0.771948608,0.78111588
2.57458E-4,82.522177534,0.642411457,0.047697822,0.7751606,0.78111588
2.58689E-4,82.754610152,0.643507245,0.046870692,0.779443255,0.78111588
2.5964E-4,83.013867062,0.644348193,0.045951659,0.781584582,0.78111588
2.60657E-4,83.2739855,0.645243407,0.045032626,0.78372591,0.78111588
2.61842E-4,83.50912397,0.646280941,0.044205496,0.784796574,0.785407725
2.63313E-4,83.771842176,0.647560887,0.043286463,0.791220557,0.793991416
2.64616E-4,84.009437442,0.648686885,0.042459333,0.793361884,0.793991416
2.6539E-4,84.274442109,0.649351974,0.0415403,0.79764454,0.793991416
2.66958E-4,84.513813747,0.650692056,0.04071317,0.799785867,0.793991416
2.6741E-4,84.754310053,0.651076244,0.03988604,0.801927195,0.793991416
2.68807E-4,85.022394531,0.652259562,0.038967007,0.804068522,0.793991416
2.69453E-4,85.264675414,0.652803655,0.038139877,0.808351178,0.798283262
2.71075E-4,85.508075226,0.654162757,0.037312747,0.809421842,0.798283262
2.73003E-4,85.75315787,0.655764345,0.036485617,0.813704497,0.798283262
2.74754E-4,86.026962194,0.657205762,0.035566584,0.822269807,0.806866953
2.75994E-4,86.27479128,0.658219264,0.034739454,0.824411135,0.811158798
2.76898E-4,86.523794911,0.658954796,0.033912324,0.827623126,0.811158798
2.79256E-4,86.774427453,0.660858023,0.033085194,0.832976445,0.819742489
2.80972E-4,87.02697118,0.662229748,0.032258065,0.834047109,0.819742489
2.82099E-4,87.25245761,0.663124796,0.031522838,0.840471092,0.819742489
2.84346E-4,87.507162922,0.664894395,0.030695708,0.841541756,0.82832618
2.85595E-4,87.763619246,0.665870638,0.029868578,0.846895075,0.82832618
2.87143E-4,88.021398136,0.66707177,0.029041448,0.850107066,0.82832618
2.88446E-4,88.251649193,0.668076534,0.028306222,0.853319058,0.82832618
2.90423E-4,88.512612089,0.669589637,0.027479092,0.856531049,0.832618026
2.91434E-4,88.774462419,0.670358118,0.026651962,0.858672377,0.832618026
2.93005E-4,89.008595571,0.671544731,0.025916736,0.859743041,0.832618026
2.96615E-4,89.273967974,0.674240358,0.025089606,0.860813704,0.832618026
2.98308E-4,89.511925591,0.675489191,0.024354379,0.861884368,0.832618026
2.99826E-4,89.751220305,0.676600669,0.023619153,0.866167024,0.832618026
3.01438E-4,90.021964044,0.677772568,0.022792023,0.870449679,0.832618026
3.04845E-4,90.264302421,0.680222812,0.022056796,0.872591006,0.841201717
3.08833E-4,90.510132018,0.683042897,0.02132157,0.876873662,0.849785408
3.107E-4,90.758070201,0.684346613,0.020586343,0.879014989,0.849785408
3.13958E-4,91.007907772,0.686595741,0.019851117,0.883297645,0.858369099
3.16011E-4,91.260103821,0.68799613,0.01911589,0.8875803,0.858369099
3.18932E-4,91.514156197,0.689968043,0.018380664,0.891862955,0.862660944
3.20354E-4,91.769823617,0.690918686,0.017645437,0.895074946,0.862660944
3.22055E-4,92.026877097,0.692048405,0.01691021,0.897216274,0.862660944
3.24423E-4,92.253271459,0.693607794,0.016266887,0.899357602,0.86695279
3.27548E-4,92.514242929,0.695640855,0.015531661,0.902569593,0.871244635
3.28675E-4,92.776866773,0.696368002,0.014796434,0.904710921,0.871244635
3.34213E-4,93.009392853,0.699889244,0.014153111,0.907922912,0.888412017
3.36671E-4,93.277855098,0.701426282,0.013417884,0.911134904,0.896995708
3.37946E-4,93.513839122,0.702217015,0.012774561,0.915417559,0.901287554
3.42506E-4,93.752050172,0.705011819,0.012131238,0.919700214,0.905579399
3.4969E-4,94.028703715,0.709310744,0.011396011,0.925053533,0.905579399
3.59183E-4,94.276826695,0.714802321,0.010752688,0.929336188,0.918454936
3.62146E-4,94.529441312,0.716473941,0.010109365,0.93254818,0.922746781
3.68073E-4,94.785545699,0.719760279,0.009466042,0.935760171,0.922746781
3.71721E-4,95.007837024,0.721744921,0.008914622,0.940042827,0.927038627
3.77323E-4,95.270545389,0.724739159,0.008271299,0.944325482,0.935622318
3.85408E-4,95.500235544,0.728948286,0.007719879,0.946466809,0.944206009
3.91843E-4,95.7734694,0.732207903,0.007076555,0.948608137,0.944206009
4.04906E-4,96.013950788,0.738588887,0.006525136,0.949678801,0.944206009
4.20818E-4,96.262800137,0.745962314,0.005973716,0.952890792,0.961373391
4.34004E-4,96.5207455,0.751764637,0.005422296,0.95503212,0.961373391
4.4828E-4,96.786804575,0.757754874,0.004870876,0.956102784,0.961373391
4.54341E-4,97.012397728,0.760211599,0.004411359,0.959314775,0.965665236
4.71815E-4,97.292955837,0.767023242,0.003859939,0.962526767,0.965665236
4.95128E-4,97.535145638,0.775530632,0.003400423,0.966809422,0.974248927
5.32604E-4,97.795864782,0.787976154,0.002940906,0.972162741,0.978540773
5.46069E-4,98.011028806,0.792117469,0.002573293,0.973233405,0.978540773
5.57979E-4,98.287485178,0.795647957,0.002113776,0.978586724,0.978540773
6.2173E-4,98.526364784,0.812676764,0.001746163,0.982869379,0.995708155
6.5404E-4,98.782708432,0.820267377,0.00137855,0.985010707,0.995708155
7.33855E-4,99.064014858,0.836621577,0.001010936,0.989293362,1
7.70019E-4,99.290913901,0.843090735,0.000735227,0.992505353,1
8.57737E-4,99.543749923,0.856840016,0.000459517,0.994646681,1
1.17863E-3,99.860334864,0.891591238,0.000183807,0.997858672,1
1.39665E-3,100,0.906939342,0.000091903,0.998929336,1
1.39665E-3,100,0.906939342,0.000091903,1,1
