X,Y,Test or train,Raw prediction,Cumulative prediction,Logistic prediction
2.0,2.0,train,1.8167209624526525E-4,59.596469752557326,0.5546651784835445
3.0,3.0,train,9.988886970770812E-5,22.21024575869031,0.40646294323824106
4.0,4.0,train,2.9189004917488573E-4,87.44116758540225,0.6667921784638966
7.0,7.0,train,1.761708714073017E-4,57.25513301075632,0.547057624848536
8.0,8.0,train,1.1552763888893917E-4,28.814493535616396,0.4419737898520867
9.0,9.0,train,8.760104114652525E-5,17.889349241528592,0.37522346948970703
10.0,10.0,train,5.279242966177484E-4,96.92048339844422,0.7835181887754842
11.0,11.0,train,1.0537577382872973E-4,24.587776135656693,0.4194254566661375
12.0,12.0,train,3.6272749050126805E-4,92.9974361624246,0.7132020269623138
13.0,13.0,train,1.2091343988282968E-4,31.537545039736873,0.453239486752707
14.0,14.0,train,2.26402034298968E-4,74.75573496767346,0.6081749578564742
15.0,15.0,train,1.7380679656666782E-5,1.8554690198720747,0.10647102066830978
16.0,16.0,train,2.1511319249890385E-4,71.4877896800612,0.595921363890812
18.0,18.0,train,1.6423520125673877E-4,52.16564748695922,0.5296238649429038
19.0,19.0,train,1.0023712863825894E-4,22.34673076838448,0.40730286522213016
20.0,20.0,train,1.635821861167529E-4,51.90384177905908,0.5286312396293382
21.0,21.0,train,5.475125453925299E-5,9.198478768550336,0.2729185975828798
23.0,23.0,train,7.963695254740109E-5,15.39093926731926,0.35315790275614634
24.0,24.0,train,7.5178930657091175E-6,0.47643006433095303,0.0490146591007358
25.0,25.0,train,1.559824250369177E-5,1.5498218049795909,0.0966069624382112
26.0,26.0,train,1.6142042271660365E-4,50.86713566044765,0.5253151185748947
27.0,27.0,train,1.7508747759190874E-4,56.764181913575975,0.5455286800465617
28.0,28.0,train,2.7459576954424895E-5,3.721320170806089,0.15843082442190862
29.0,29.0,train,1.384975350502296E-4,40.00801175558844,0.48704974135185003
30.0,30.0,train,1.8500529426316163E-4,61.12416871312907,0.5591515282493821
32.0,32.0,train,1.619816646973229E-4,51.0906454832632,0.5261805336728835
33.0,33.0,train,4.154968384166968E-4,95.2836842884315,0.7401618333144949
37.0,37.0,train,7.661939006361271E-5,14.591238127584436,0.344384669659216
39.0,39.0,train,2.902926564647821E-4,87.32921848916473,0.6655718246447075
40.0,40.0,train,2.3175344459356383E-4,76.16223965021734,0.6137277317368194
41.0,41.0,train,1.708048981290883E-4,55.18164458465505,0.5393824557200784
42.0,42.0,train,1.5447878136733875E-4,47.67274512433926,0.5143439627617226
43.0,43.0,train,2.3441010603648702E-4,76.86977689229712,0.6164263072552604
44.0,44.0,train,2.0138050823266553E-4,67.18720844584384,0.5799409627291906
45.0,45.0,train,2.8956713834993477E-4,87.27837244689385,0.6650145965262587
46.0,46.0,train,1.7786680195293637E-4,58.07188295334507,0.5494304670472967
47.0,47.0,train,1.2518212715277032E-4,33.56402911790412,0.46185042555180633
48.0,48.0,train,1.1158824852653787E-4,27.42146737939904,0.4334351386794555
49.0,49.0,train,1.3537143153865324E-4,38.29256722008512,0.4813479578956077
50.0,50.0,train,1.4188606773124488E-4,41.76816825189385,0.49309025117957556
51.0,51.0,train,2.263619150068909E-4,74.74495024641217,0.6081327259715315
52.0,52.0,train,2.2021388193000537E-4,73.01022373453169,0.6015515523200553
54.0,54.0,train,2.952282298317477E-4,87.65678013426836,0.6693138991716672
55.0,55.0,train,1.0733214372440097E-4,25.408264489487323,0.4239114049036079
56.0,56.0,train,3.7300340656439424E-4,93.57140636071483,0.7188819362346054
57.0,57.0,train,2.8902130014891775E-4,87.2334811490591,0.6645941444796948
59.0,59.0,train,7.363166070354366E-5,13.7432651002289,0.33546051338872246
60.0,60.0,train,8.286258087529793E-5,16.34594599695368,0.36228008202047
61.0,61.0,train,1.8765229894785975E-4,62.02430928780088,0.5626504062275411
62.0,62.0,train,2.2738331050467707E-4,75.05822281007993,0.6092050792044491
63.0,63.0,train,2.599181248128876E-4,82.75844787458261,0.6405383562501873
65.0,65.0,train,1.9744394990869708E-4,65.77806131552555,0.5751243145980459
68.0,68.0,train,3.526984760206064E-4,92.54578108502636,0.7074328221329977
70.0,70.0,train,1.7115158931044387E-4,55.361668521344214,0.5398861935367937
71.0,71.0,train,2.0670197500614426E-4,68.93506835710495,0.5862811633772855
72.0,72.0,train,1.679121002028512E-4,53.62886418678872,0.5351358627539593
73.0,73.0,train,4.60895729768227E-4,96.09709974116205,0.7596034526991225
74.0,74.0,train,1.6527590637982375E-4,52.55104790508471,0.5311971926664502
75.0,75.0,train,1.8976551814269801E-4,62.78531253568777,0.5654040954424359
76.0,76.0,train,1.140563475327935E-4,28.290665257063647,0.43881503934156935
77.0,77.0,train,6.50956142513403E-5,11.490579902978803,0.3085711140786108
78.0,78.0,train,9.402748686990008E-5,19.896973072555575,0.39196068589245164
79.0,79.0,train,2.443751044598143E-4,79.28031922440488,0.6262211351326032
80.0,80.0,train,2.0535225130511065E-4,68.53938898043971,0.5846912360107925
81.0,81.0,train,2.8152472103060015E-4,86.41127726820758,0.6587109646316571
82.0,82.0,train,2.5026972795545775E-4,80.70516763347989,0.6317831291140432
83.0,83.0,train,2.1316093372473552E-4,70.79399537846524,0.5937241094856351
85.0,85.0,train,2.0180986017548293E-4,67.33457970361131,0.5804597071776927
87.0,87.0,train,5.3685355456833054E-5,8.945106014437403,0.2690348426256011
88.0,88.0,train,1.698489871903349E-4,54.73102758419393,0.5379877988458527
89.0,89.0,train,1.7564705027936023E-4,57.03198213801515,0.5463196663507733
90.0,90.0,train,1.1587032846373806E-4,28.997346367699702,0.4427044191946355
92.0,92.0,train,1.7147944206104664E-4,55.52569092586208,0.540361546790816
93.0,93.0,train,1.2104763363019208E-4,31.60229315901913,0.4535143800696933
94.0,94.0,train,9.935277843635102E-5,21.994316490857464,0.4051653491618177
95.0,95.0,train,8.420538552851948E-5,16.840503179931275,0.3660021697959076
96.0,96.0,train,1.391563553742893E-4,40.28960955329853,0.488235424049492
97.0,97.0,train,1.5903102309967215E-4,49.69503647021187,0.5215950937824106
98.0,98.0,train,1.4293814174167385E-4,42.245578783670084,0.49493687577916545
100.0,100.0,train,1.2070628097071695E-4,31.402941586754842,0.45281458228339977
101.0,101.0,train,6.271843422876616E-5,10.929985652109897,0.30069095918972777
102.0,102.0,train,1.0166985023928221E-4,23.040347122046303,0.410733405149592
103.0,103.0,train,1.9251589054309688E-4,64.14240551056355,0.5689365319880374
104.0,104.0,train,9.552872249029586E-5,20.505082398388712,0.39574214013063513
105.0,105.0,train,1.2268828846515338E-4,32.34970004403269,0.45685301821994234
106.0,106.0,train,1.3491394084011064E-4,38.0361886180078,0.480502878474214
107.0,107.0,train,1.1182232788227025E-4,27.5119329180293,0.4339498025898042
108.0,108.0,train,7.171659326907429E-5,13.16133852916902,0.32961143447320695
109.0,109.0,train,1.9589478724478833E-4,65.19461284589357,0.5731983824774229
110.0,110.0,train,7.444343017491075E-5,14.009834620110995,0.3379091655798212
111.0,111.0,train,1.7126377001414175E-4,55.41885774684397,0.5400489548012575
112.0,112.0,train,1.1029308859144044E-4,26.823112973753783,0.4305705055156049
114.0,114.0,train,1.6592164401072946E-4,52.819007730322234,0.532168132059218
115.0,115.0,train,1.6187610492844203E-4,51.035082499065346,0.526018005297524
116.0,116.0,train,1.5739363125796656E-4,48.8922212973599,0.5190120099603802
118.0,118.0,train,1.280249471037704E-4,34.803842559403606,0.46743615702344776
119.0,119.0,train,9.667717479206362E-5,20.90802456472724,0.3986033669223584
121.0,121.0,train,1.6470893098804806E-4,52.34006071217335,0.530341352319357
122.0,122.0,train,1.1096524006621503E-4,27.160550040362686,0.4320607756500306
124.0,124.0,train,1.0495550080373663E-4,24.417534128876497,0.4184526408719613
125.0,125.0,train,1.0676580662350472E-4,25.176287973786792,0.4226199415389864
126.0,126.0,train,9.385239423601263E-5,19.834069623652887,0.39151656181521
127.0,127.0,train,6.371715095488192E-5,11.140693396095784,0.3040233975555435
128.0,128.0,train,2.3730063426629175E-5,3.005153579218985,0.13992387147828386
129.0,129.0,train,2.111976926108641E-4,70.20765991742311,0.5914902640365135
130.0,130.0,train,1.2333814127441864E-5,1.036376423966891,0.07796518918196868
133.0,133.0,train,2.314079304134487E-4,76.07625331641992,0.6133739735399608
134.0,134.0,train,1.3496362989337126E-4,38.061421335750495,0.4805947976629585
135.0,135.0,train,1.3321291459493173E-4,37.21864825893581,0.4773364301101014
136.0,136.0,train,3.3452467384606954E-4,91.58383769148858,0.6963645482773243
138.0,138.0,train,2.5718687051043865E-4,82.32108344178138,0.6381024737871952
139.0,139.0,train,1.4891740621891328E-4,44.948662508823645,0.5051814847494308
140.0,140.0,train,3.132482439414005E-4,89.56146785576786,0.6822932660345831
142.0,142.0,train,6.559435524345958E-5,11.60341966574967,0.31020191365196875
143.0,143.0,train,3.278413265962038E-4,90.89822830607652,0.6920806464456661
144.0,144.0,train,7.199883847909093E-5,13.23828291102461,0.33047994041069634
145.0,145.0,train,1.6831253827989033E-4,53.85961678029889,0.5357283644278821
147.0,147.0,train,1.8984684191489202E-4,62.836396101266686,0.5655093739150774
149.0,149.0,train,3.843065007743076E-4,94.18897929236734,0.724875314375383
150.0,150.0,train,1.8209207732661643E-4,59.77734192953894,0.5552354773912496
151.0,151.0,train,2.713960545270351E-4,84.88900781295142,0.6504264085151495
152.0,152.0,train,1.0659009875766422E-4,25.10207343260247,0.4222180832329722
153.0,153.0,train,2.0891018835180418E-5,2.481957629105745,0.1252807449724848
154.0,154.0,train,1.120786571940166E-4,27.618534438971786,0.4345123153631538
156.0,156.0,train,1.0294507869014088E-5,0.7644542037856067,0.06592403865987032
157.0,157.0,train,3.197008716491597E-5,4.656494493513951,0.1797762036568112
158.0,158.0,train,2.5850764371828424E-4,82.52608556650503,0.6392845205681515
159.0,159.0,train,1.4850800321858774E-4,44.77726715671215,0.504493304014907
160.0,160.0,train,2.3992124278804426E-4,78.04322936740886,0.6219058706435943
161.0,161.0,train,2.607715619814361E-4,82.90155979441751,0.6412927884859779
162.0,162.0,train,1.5592149122442136E-4,48.18767200233365,0.5166656912737875
163.0,163.0,train,2.3072012369002007E-4,75.86793759528513,0.6126678233192259
164.0,164.0,train,2.081557188816279E-4,69.28108397602809,0.5879800619257797
165.0,165.0,train,2.184440892348306E-4,72.39882726334334,0.599615899877274
166.0,166.0,train,1.8525211190324335E-4,61.218105042392125,0.5594801429930503
167.0,167.0,train,8.970724611183312E-5,18.565323454005593,0.3808095298330386
168.0,168.0,train,7.719350859219949E-5,14.75237937602449,0.3460721414547155
169.0,169.0,train,1.07582406590823E-4,25.50925902007392,0.42448026037023484
170.0,170.0,train,1.1813075223339635E-4,30.055754609431983,0.44747622166490847
172.0,172.0,train,8.087307670591618E-4,98.87549399597567,0.8471992228071421
173.0,173.0,train,2.543871841205664E-4,81.57430253156359,0.635571055673319
175.0,175.0,train,1.404496467981712E-4,41.08068261184501,0.4905470985294785
176.0,176.0,train,2.1106484403318558E-4,70.17713845429174,0.591338216507549
178.0,178.0,train,1.7881097024574914E-4,58.43158815642991,0.5507407475651218
179.0,179.0,train,4.546172271159542E-5,7.2270128237640785,0.2376160004863639
180.0,180.0,train,1.055050305967265E-4,24.638789507264036,0.4197239962430829
181.0,181.0,train,1.4247808622355396E-4,42.002298199619965,0.4941310336610805
182.0,182.0,train,2.998253353636185E-4,88.12209176885024,0.6727248034143687
186.0,186.0,train,7.6150837849093E-5,14.459788509189,0.3430010146688782
187.0,187.0,train,2.6777733795822165E-4,84.0469945375181,0.6473681745267091
188.0,188.0,train,3.769084867230724E-4,93.75140548019598,0.7209818774519784
189.0,189.0,train,1.8010254810402315E-4,59.01679416027318,0.5525208559258356
190.0,190.0,train,9.539010046852809E-5,20.459110914098982,0.395394938036718
191.0,191.0,train,8.739190670360612E-5,17.826518538210824,0.3746632990220217
192.0,192.0,train,1.4751818446330498E-4,44.35879504357092,0.5028215455682994
193.0,193.0,train,1.3056917724434765E-4,36.01256549585997,0.4723377821045044
194.0,194.0,train,1.9723452750556236E-4,65.68221316946314,0.5748649755439738
195.0,195.0,train,1.9250500687529215E-4,64.13807426676662,0.5689226667380668
196.0,196.0,train,2.5017249812228604E-4,80.68316837235855,0.6316927288838571
197.0,197.0,train,2.4658013979131767E-4,79.930265637052,0.6283213028738697
198.0,198.0,train,1.7346896451238841E-4,56.27217414579758,0.5432252192097866
199.0,199.0,train,2.2146323548766022E-4,73.37842590013554,0.60290676048713
200.0,200.0,train,1.935476953985806E-4,64.5063716984024,0.5702469617904597
201.0,201.0,train,1.5921818453383613E-4,49.79138052597839,0.5218885863587758
202.0,202.0,train,2.362762456659856E-4,77.18697914681265,0.6182994537789195
203.0,203.0,train,8.146064817418282E-5,15.893566973188769,0.3583471786531229
204.0,204.0,train,2.845503580730386E-4,86.76176895153785,0.6611100948261872
205.0,205.0,train,2.799653409633564E-4,86.19859653097772,0.657461165697981
206.0,206.0,train,1.484749185959046E-4,44.76341637752943,0.5044376072365953
207.0,207.0,train,2.3434885668075409E-4,76.85831245698745,0.6163645162688711
209.0,209.0,train,1.1694445748332008E-4,29.476184911108703,0.4449821637080583
211.0,211.0,train,6.344612472073186E-5,11.074742924969328,0.3031222028779482
212.0,212.0,train,5.5358005154616135E-5,9.347865219158003,0.2751110026116063
213.0,213.0,train,1.3577361604741542E-4,38.6015302024231,0.48208860770394957
214.0,214.0,train,2.0309535900534082E-4,67.7045843836948,0.582005218682097
215.0,215.0,train,1.396645100647311E-4,40.5702176769594,0.48914621518450097
216.0,216.0,train,2.0090193034046197E-4,66.96469064159227,0.5793612293789552
217.0,217.0,train,3.664777675312322E-4,93.25688654060758,0.7153013575985404
218.0,218.0,train,1.5806686236193552E-4,49.25717560069413,0.5200774415985727
219.0,219.0,train,2.8382978863828026E-4,86.68343635278028,0.6605417959494898
220.0,220.0,train,1.9123017819082372E-4,63.61709650855499,0.5672924041840262
221.0,221.0,train,1.851225930021166E-4,61.16881144191039,0.5593077617285609
223.0,223.0,train,2.7710287836269024E-4,85.8710577062142,0.6551429987797159
225.0,225.0,train,3.1560628849373147E-4,89.7672677355908,0.6839167050916222
226.0,226.0,train,2.2943724520213844E-4,75.50192533108279,0.6113438150352658
227.0,227.0,train,2.6112166987400025E-4,82.9603830176084,0.6416013660702019
228.0,228.0,train,2.98140763317556E-4,87.89993341690148,0.6714831041823587
230.0,230.0,train,4.3780736565949337E-4,95.62028440135202,0.7500940325696799
231.0,231.0,train,3.691463561343408E-4,93.38828951593088,0.7167765621144516
232.0,232.0,train,3.112906210697672E-4,89.23258822828349,0.680932781350795
233.0,233.0,train,3.3393162348035517E-4,91.52343665575587,0.6959892392319901
235.0,235.0,train,1.5536284243658136E-4,47.97930640068011,0.5157693057804825
236.0,236.0,train,5.224823474185523E-4,96.8732401628622,0.7817555016985066
237.0,237.0,train,7.416088161390202E-5,13.919198880633022,0.3370589254021347
239.0,239.0,train,4.502415295847022E-5,7.124594980887933,0.2358683875379693
240.0,240.0,train,3.273732705050616E-4,90.81849908625641,0.6917760974142457
241.0,241.0,train,2.6154763617533354E-4,83.03248387432481,0.6419760884586728
242.0,242.0,train,2.7311376778550505E-4,85.13928971205515,0.6518595852403324
244.0,244.0,train,3.197708513103686E-4,90.13394508921446,0.6867437114100802
245.0,245.0,train,1.826764386387644E-4,60.14905452711525,0.5560265650296359
246.0,246.0,train,2.4144777220042927E-4,78.49296531214367,0.6233960754916497
248.0,248.0,train,2.55694541915784E-4,81.97497618503104,0.636757534407443
249.0,249.0,train,2.8741768991940144E-4,87.1015907044369,0.6633527765680391
250.0,250.0,train,1.8369071243342885E-4,60.53780020694909,0.5573929922209173
251.0,251.0,train,2.986666896534828E-4,87.96569276756269,0.6718717752721605
253.0,253.0,train,4.0406395715192204E-4,95.03218580203256,0.7347598413291258
254.0,254.0,train,2.9939915428018015E-4,88.06235127387616,0.672411552852378
255.0,255.0,train,1.536779396549436E-4,47.25755241594656,0.5130455288332579
256.0,256.0,train,1.7920386312611573E-4,58.611959670277614,0.5512837465403028
257.0,257.0,train,1.9070232769133336E-4,63.22676597141444,0.5666137686665615
258.0,258.0,train,2.63843852915647E-4,83.38105483194519,0.6439826482123511
259.0,259.0,train,2.2545545644145812E-4,74.49228703377858,0.6071761028517547
260.0,260.0,train,9.137183387683157E-5,19.00845830702835,0.38515416404559943
263.0,263.0,train,2.3446498586376994E-4,76.88004910205612,0.616481655482006
264.0,264.0,train,1.935937850919295E-4,64.52148295490124,0.5703053115108918
265.0,265.0,train,3.44444792410989E-4,92.27743936733333,0.7025078364826145
266.0,266.0,train,2.493931796985506E-4,80.50683947266627,0.6309665443483544
267.0,267.0,train,2.253021326292317E-4,74.38671784452855,0.6070138318961853
269.0,269.0,train,2.3643255069189992E-4,77.21169273058531,0.6184555156910707
270.0,270.0,train,1.5812942969525002E-4,49.28316386950596,0.5201762187728576
271.0,271.0,train,3.0360578818239644E-4,88.5293729519004,0.6754774962504361
272.0,272.0,train,1.9105291540676616E-4,63.51008244372248,0.5670647419145398
273.0,273.0,train,2.6955226536089444E-4,84.55864212455899,0.6488748511706053
274.0,274.0,train,3.006373040546282E-4,88.23591055008995,0.6733199596611329
275.0,275.0,train,1.529359416515322E-4,46.981659581085104,0.5118362885491996
276.0,276.0,train,2.6645359045753453E-4,83.7727479504381,0.6462360446292544
279.0,279.0,train,1.0883785210719527E-4,26.168801203765153,0.42731705803836434
281.0,281.0,train,2.4495189294794717E-4,79.51555727202705,0.626772781360648
282.0,282.0,train,1.6840174007973834E-4,53.90785249044392,0.5358601447762216
283.0,283.0,train,4.041976544447611E-4,95.03763156782422,0.7348243104309041
285.0,285.0,train,2.963302280555526E-4,87.72535472421426,0.6701380090722984
286.0,286.0,train,1.3506295119219402E-4,38.111857923581795,0.4807784334955624
289.0,289.0,train,2.258382988194755E-4,74.60422321422527,0.6075807013646913
290.0,290.0,train,2.6564297659832826E-4,83.63620374007732,0.6455391744663259
292.0,292.0,train,2.7401083592112007E-4,85.34077517584095,0.652603394299721
293.0,293.0,train,5.809881106426745E-4,97.51993206781638,0.7993224663883252
294.0,294.0,train,2.1719598652952476E-4,72.1135785779456,0.5982394816256887
295.0,295.0,train,4.464744039907096E-4,95.75932907207435,0.7537506411356052
297.0,297.0,train,2.43687905488945E-4,79.14194797812986,0.6255617586432379
298.0,298.0,train,2.1446455711842118E-4,71.25083998023113,0.5951939702223182
299.0,299.0,train,5.411705543387422E-4,97.05373120043842,0.7876920394898852
300.0,300.0,train,2.1506593340691506E-4,71.4705275133895,0.5958684548322501
302.0,302.0,train,2.2663100683395032E-4,74.83239082659962,0.6084158134554375
303.0,303.0,train,3.020390163453571E-4,88.37757299193566,0.6743423078752137
304.0,304.0,train,2.2643213689637254E-4,74.76581277224567,0.6082066396129268
305.0,305.0,train,2.6116331469299185E-4,82.9673799535082,0.6416380355925465
306.0,306.0,train,4.741472282983779E-4,96.26057136582129,0.7647414590611707
307.0,307.0,train,2.1828300278703235E-4,72.35846354941937,0.5994387826741661
310.0,310.0,train,1.8047852472415153E-4,59.149978348513486,0.5530363952750481
311.0,311.0,train,6.420857388555679E-4,98.19260224628083,0.8148830311875337
312.0,312.0,train,2.8909036804663477E-4,87.23916170382942,0.6646474048974805
313.0,313.0,train,1.6910247903389672E-4,54.22506099007029,0.5368927699405868
314.0,314.0,train,2.2976610173962043E-4,75.58935764623631,0.6116840769036932
315.0,315.0,train,2.0051055854624947E-4,66.77622751744701,0.5788859438621516
316.0,316.0,train,2.8170585405552746E-4,86.43676214775545,0.6588555466590089
318.0,318.0,train,2.173934893460868E-4,72.15552641458049,0.5984579193453207
319.0,319.0,train,2.675762508907815E-4,83.99730765232127,0.6471966625901332
320.0,320.0,train,2.5515240284998837E-4,81.77846890265668,0.6362664606952603
321.0,321.0,train,2.149029945985635E-4,71.4110114129168,0.5956859299142279
322.0,322.0,train,3.1805630866521317E-4,89.9794397683186,0.685585984824348
323.0,323.0,train,9.387469061763865E-4,99.25974991233603,0.8655160149892173
324.0,324.0,train,3.351284338502061E-4,91.64532240481778,0.696745684150786
326.0,326.0,train,5.96142873253237E-4,97.63701654180622,0.8034211158622104
327.0,327.0,train,6.772300249969266E-4,98.35035887384615,0.8227871278173833
328.0,328.0,train,3.040266953182175E-4,88.57504513808813,0.6757811127978344
329.0,329.0,train,3.98254568897442E-5,6.124763377898435,0.21447504719946378
330.0,330.0,train,0.0014865511778022332,100.0,0.9106460561644621
331.0,331.0,train,2.1152584882853324E-4,70.31559454696612,0.5918653601163103
333.0,333.0,train,1.3910022749523618E-4,40.25818620184984,0.4881346240276896
335.0,335.0,train,1.6860360550386926E-4,54.013997880974316,0.5361580902601573
336.0,336.0,train,1.2426595511843189E-4,33.15692171034238,0.46002522949983937
338.0,338.0,train,1.9657945124069946E-4,65.39798907794658,0.5740517113586312
339.0,339.0,train,1.0370147833886028E-4,23.912683519336404,0.4155304517947035
340.0,340.0,train,1.2018035049939748E-4,31.085851430169463,0.45173287170476395
341.0,341.0,train,8.206665122157995E-5,16.057831993093533,0.3600531621814716
342.0,342.0,train,7.962015150516393E-4,98.80892009437657,0.845167005048625
343.0,343.0,train,1.6105076534109E-4,50.71855601692438,0.5247433912354652
344.0,344.0,train,8.30721036078984E-5,16.4232520560602,0.362863727976995
345.0,345.0,train,1.0875065301597909E-4,26.13310680137667,0.42712092751664066
348.0,348.0,train,9.799805916887144E-5,21.411047987478625,0.40186086400017984
349.0,349.0,train,1.5739943494695022E-4,48.89563585486953,0.5190212148864383
350.0,350.0,train,8.0578666719672E-5,15.661558696165269,0.35584796165036064
352.0,352.0,train,1.563597034595246E-4,48.36841730370475,0.5173665098380176
353.0,353.0,train,2.026822488598839E-4,67.58198285586042,0.5815097935436416
354.0,354.0,train,2.499529709881867E-4,80.63349807478905,0.6314884584013408
356.0,356.0,train,1.9791502091653416E-4,66.01871429290404,0.5757065125056021
359.0,359.0,train,3.0954481467390253E-4,89.06126797322685,0.6797096357432194
360.0,360.0,train,1.2717894004661602E-4,34.368361386746365,0.465786031723373
361.0,361.0,train,1.561492539200449E-4,48.27824475961929,0.5170301985605188
362.0,362.0,train,3.3794297795262604E-4,91.88812251440346,0.698509869326881
363.0,363.0,train,1.6148235609490086E-4,50.88899289277902,0.5254107727797319
364.0,364.0,train,3.0520005799023343E-4,88.70236547519173,0.67662451298784
365.0,365.0,train,8.347115474743145E-5,16.577647426913238,0.36397237395320436
367.0,367.0,train,1.309491749761031E-4,36.161393358483664,0.4730621387138913
368.0,368.0,train,1.6010186073644276E-4,50.25363609035856,0.5232694515211472
369.0,369.0,train,6.654729769250252E-5,11.817667211358758,0.3132965803988773
371.0,371.0,train,1.8932453211613633E-4,62.56630263480882,0.5648323231484381
372.0,372.0,train,4.230389365319829E-5,6.575986821158493,0.22482159605293844
373.0,373.0,train,3.6167802581211464E-4,92.95504797336196,0.7126090018438427
374.0,374.0,train,2.1912435402050742E-4,72.57554410879897,0.6003621380473461
375.0,375.0,train,3.3149572058422956E-4,91.24065432847493,0.6944379084070889
376.0,376.0,train,3.410168873870139E-4,92.09624899195795,0.7004133246216908
377.0,377.0,train,2.8822557731680436E-4,87.16803616985419,0.663979315269595
378.0,378.0,train,2.7069959896860946E-5,3.654148517604506,0.15653476917734255
379.0,379.0,train,1.6434045100300866E-4,52.20610417339305,0.5297834603018974
380.0,380.0,train,1.5483794573528867E-4,47.821471328171704,0.5149240426464622
381.0,381.0,train,2.8355703167722365E-4,86.65378912531426,0.6603261803157898
382.0,382.0,train,6.122535124819446E-4,97.76148604147481,0.8075985913027312
383.0,383.0,train,1.2421815099178396E-4,33.13626631424541,0.4599296543014055
384.0,384.0,train,1.008758168049794E-4,22.65199131472482,0.40883707556578214
385.0,385.0,train,1.5603972951019852E-4,48.23408992600017,0.5168549863293745
386.0,386.0,train,7.471017462918566E-5,14.076822503423394,0.33870984939347676
387.0,387.0,train,1.0775916887679323E-4,25.613171361158578,0.4248813701853596
388.0,388.0,train,1.1577510388849317E-4,28.946536291911208,0.44250158821052765
389.0,389.0,train,1.1932392051007274E-4,30.65679844402406,0.44996222215442044
390.0,390.0,train,1.5661362832826095E-4,48.47721797619436,0.5177716743770695
391.0,391.0,train,1.0673539922472685E-4,25.16344466060833,0.4225504373265635
392.0,392.0,train,2.518805548627536E-4,81.02823840360197,0.6332743769741861
393.0,393.0,train,1.2849055585581362E-4,35.106026086637506,0.46833997887520534
394.0,394.0,train,1.881935436202012E-4,62.25665514698802,0.5633590090629732
395.0,395.0,train,1.4413657477887085E-4,42.80325135438622,0.4970240690055886
396.0,396.0,train,1.0844857685696186E-4,26.00945381576015,0.4264404497444989
397.0,397.0,train,1.1602582106860526E-4,29.077349039505076,0.44303530567640537
398.0,398.0,train,2.859294226276369E-4,86.95227034215985,0.6621924470256879
399.0,399.0,train,1.5299419359297942E-4,47.01282723645632,0.5119314394161146
400.0,400.0,train,1.0320714653396368E-4,23.68991092773012,0.4143704479034057
401.0,401.0,train,2.7248233771060937E-4,85.00904636891305,0.6513341185664311
403.0,403.0,train,8.555159207511404E-5,17.23279116521722,0.36969032731714885
404.0,404.0,train,1.3894993712955657E-4,40.19579093940103,0.4878645220418918
406.0,406.0,train,1.0016448319438503E-4,22.31861491345227,0.40712785707202487
407.0,407.0,train,1.674713800588123E-4,53.407097198383184,0.5344820077746429
408.0,408.0,train,2.421851831531332E-4,78.74360848987753,0.6241117395509054
410.0,410.0,train,2.3045262961769066E-4,75.77872805256017,0.6123924981386231
411.0,411.0,train,7.82540127401925E-4,98.74411582602147,0.8428886473058016
412.0,412.0,train,4.969070132953289E-4,96.59988931070875,0.7730717124166756
413.0,413.0,train,2.1803354388035592E-4,72.29595619338478,0.5991641890509795
415.0,415.0,train,1.638067569817655E-4,52.00031505267894,0.5289730741844356
416.0,416.0,train,2.841767656403505E-4,86.72115090300112,0.6608156875898095
417.0,417.0,train,1.404824696944221E-4,41.09883773287383,0.4906054956206847
418.0,418.0,train,9.705633921169893E-4,99.33208923622175,0.8693486091876595
420.0,420.0,train,1.4562532990950166E-4,43.419716966484124,0.49959298488709464
421.0,421.0,train,5.527529123329488E-5,9.327767295677395,0.2748129065732271
423.0,423.0,train,2.504976169005615E-4,80.7567298777671,0.6319948369207329
424.0,424.0,train,2.416031816768396E-4,78.54866699382487,0.6235471283587511
426.0,426.0,train,2.5512744537345433E-4,81.76942265198403,0.636243822050854
428.0,428.0,train,3.5125027985715796E-4,92.48723740848006,0.7065805113736803
429.0,429.0,train,1.1964726296427171E-4,30.818677734897292,0.45063206754687285
430.0,430.0,train,1.6975702010235748E-4,54.68120837219341,0.5378531750369677
431.0,431.0,train,6.46632334145602E-5,11.378601976488326,0.30715104804036336
432.0,432.0,train,5.916220910625676E-5,10.26097307842229,0.2885612063561669
433.0,433.0,train,1.7379817320115098E-4,56.35987445406972,0.5436956373361
434.0,434.0,train,2.0319451966645282E-5,2.38592434267637,0.12227223406692307
435.0,435.0,train,1.2029397588499778E-5,0.9909827299171621,0.0761875016957385
436.0,436.0,train,8.273684402678228E-5,16.299553798252486,0.36192931612254686
437.0,437.0,train,1.2242397821431294E-4,32.21739076137372,0.45631792134460114
438.0,438.0,train,1.6930910187333784E-4,54.383192975648946,0.5371963775527715
440.0,440.0,train,2.394417268095869E-4,77.90129377958274,0.6214353278567306
441.0,441.0,train,1.7763313388845575E-4,57.97835031504232,0.5491050108003457
442.0,442.0,train,2.6585710436063E-4,83.67227258578943,0.6457235229460457
445.0,445.0,train,1.1239460043553904E-4,27.74992803515606,0.43520411410089677
446.0,446.0,train,1.0502826995841994E-4,24.44767154203093,0.418621314638642
447.0,447.0,train,1.441431843328823E-4,42.806845374679035,0.4970355323854536
448.0,448.0,train,1.1878456963812705E-4,30.39768936387562,0.4488412453293566
450.0,450.0,train,1.6358052434984312E-4,51.903127901531946,0.5286287082918432
451.0,451.0,train,2.2071104142475141E-4,73.17934101348109,0.6020919414839068
452.0,452.0,train,8.11664844772467E-5,15.82284070564763,0.3575157831591128
453.0,453.0,train,1.5181299425739148E-4,46.35851895676521,0.5099947464139817
454.0,454.0,train,1.955310950700683E-4,65.12157314723991,0.5727437038873092
455.0,455.0,train,7.221198932956417E-5,13.296260082964,0.3311343438607662
456.0,456.0,train,1.956042813514611E-4,65.13627102723314,0.5728352773321
457.0,457.0,train,1.1909818321295134E-4,30.541818733295408,0.4494936092708864
458.0,458.0,train,1.2085590643081252E-4,31.509763650175817,0.4531215458606153
459.0,459.0,train,1.6952864476699727E-5,1.7728532355928444,0.1041231771199308
460.0,460.0,train,1.2039780183524223E-4,31.20150057191731,0.4521806341741046
461.0,461.0,train,6.399223216300671E-4,98.17271682796824,0.8143733685266832
462.0,462.0,train,1.7923224591892098E-4,58.62708659673475,0.5513229222461691
465.0,465.0,train,1.585858730523308E-4,49.47275437996556,0.5208955929519784
466.0,466.0,train,1.99873665450368E-4,66.58192251617533,0.5781101946739626
467.0,467.0,train,1.5018080952984762E-4,45.52751701486799,0.507293186308874
469.0,469.0,train,2.6727015792130123E-5,3.5950234818205558,0.15485876213293842
472.0,472.0,train,1.7637521563346024E-5,1.9050679975374123,0.10787466288355771
473.0,473.0,train,1.558302800989227E-5,1.5473575564472835,0.09652182747918608
474.0,474.0,train,2.5988836538384954E-4,82.75354531357361,0.6405119918692476
475.0,475.0,train,4.642074640798696E-5,7.44618767631341,0.2414184321440522
476.0,476.0,train,1.909525684264341E-4,63.41277453127079,0.5669357579832228
477.0,477.0,train,5.033093470278391E-5,8.228393172238848,0.2565371597925055
478.0,478.0,train,1.931977700897037E-4,64.3891841376752,0.5698034376469443
480.0,480.0,train,2.2510993373565138E-4,74.25677135268933,0.6068102278613392
483.0,483.0,train,1.9129232649941916E-4,63.65460476501261,0.5673721658671362
484.0,484.0,train,2.3747061647675684E-4,77.49964282967674,0.6194887375651632
485.0,485.0,train,2.742010775302557E-5,3.714515511058604,0.1582391373123591
486.0,486.0,train,2.3076424978755582E-4,75.8826536932873,0.6127132036657603
487.0,487.0,train,1.403192130421137E-4,41.006316825669636,0.49031490399388794
488.0,488.0,train,2.201228294237515E-4,72.95326409348337,0.6014524234316467
489.0,489.0,train,1.6329616627449247E-4,51.78097067331011,0.5281951503804587
490.0,490.0,train,1.5039156393636662E-4,45.637302752800885,0.507643696584431
491.0,491.0,train,1.5209016191598592E-4,46.50459884704478,0.5104505690197131
492.0,492.0,train,1.794516764608179E-4,58.74403455504525,0.5516255632872642
493.0,493.0,train,1.3850462870162742E-4,40.0110122532835,0.48706253709561126
494.0,494.0,train,6.780146591923417E-5,12.126417982407533,0.3173274012410688
495.0,495.0,train,2.375157977164098E-4,77.5139992719265,0.6195335809110508
496.0,496.0,train,1.8772764678948653E-4,62.05665465745586,0.562749190131645
497.0,497.0,train,2.545452316193155E-4,81.6159517226195,0.6357149017151537
498.0,498.0,train,7.700704341028163E-5,14.700043319470426,0.34552502893718756
499.0,499.0,train,2.477137498073883E-4,80.21383855848781,0.6293918414959869
501.0,501.0,train,2.3724946576272153E-5,3.004028338748032,0.13989792098441123
502.0,502.0,train,1.1951120226283899E-4,30.75218657231897,0.4503503992630879
504.0,504.0,train,8.172070116584947E-5,15.956091947055558,0.3590803771245703
506.0,506.0,train,1.5745904377929346E-4,48.930706270719,0.519115736933956
507.0,507.0,train,1.648257325722189E-4,52.381323829364675,0.5305179179208583
508.0,508.0,train,1.3654321734826768E-4,38.89180583949736,0.4834999995477965
509.0,509.0,train,1.932195796500015E-4,64.39648800826414,0.5698311076283106
510.0,510.0,train,2.332975455037286E-4,76.54990870823332,0.6153007961859486
511.0,511.0,train,1.6558014076140912E-4,52.68707523611806,0.5316551449927457
512.0,512.0,train,3.7801924149972343E-4,93.82213531083048,0.7215734625805004
513.0,513.0,train,1.3992722122712346E-4,40.70854012295131,0.4896158154886501
514.0,514.0,train,1.466805359577688E-4,44.04646334386582,0.5013979579873491
516.0,516.0,train,1.8411938954622286E-4,60.75127019137842,0.557967979627848
517.0,517.0,train,1.862522672638595E-4,61.54476159706731,0.5608067571459661
519.0,519.0,train,2.0706883414750723E-4,69.01545193657522,0.5867112087578478
520.0,520.0,train,3.374634398913904E-4,91.85160637653821,0.6982107420756059
521.0,521.0,train,2.2722100065090928E-4,75.02176013550655,0.6090350640532787
522.0,522.0,train,1.1024768731704932E-4,26.799802260308635,0.4304695614106388
526.0,526.0,train,1.714550956006118E-4,55.51638249716443,0.5403262806546336
527.0,527.0,train,2.399050483296807E-4,78.03944059153054,0.6218899983186218
528.0,528.0,train,4.916141621933794E-4,96.53058492708145,0.7711875690414605
529.0,529.0,train,2.388360043103201E-4,77.73038508323872,0.6208392634809501
530.0,530.0,train,2.295810940755601E-4,75.53924781393242,0.6114927261869594
531.0,531.0,train,2.4137465675549006E-4,78.4648826872217,0.6233249677603513
532.0,532.0,train,1.4529520905671035E-4,43.25336193519384,0.49902561289907094
534.0,534.0,train,8.58693521154001E-5,17.31969867364811,0.3705546328934703
535.0,535.0,train,6.015824207205187E-4,97.67904204694382,0.8048517229671113
536.0,536.0,train,1.3147262912007514E-4,36.42911188358232,0.4740567032996166
537.0,537.0,train,9.826774853528341E-5,21.502198646688218,0.4025216247742431
538.0,538.0,train,2.2509203327651347E-4,74.25049973786135,0.606791254443486
539.0,539.0,train,2.2247081487130073E-4,73.61386839229661,0.6039930126016684
540.0,540.0,train,1.730846947414126E-4,56.14411020022621,0.5426748940060746
541.0,541.0,train,1.2147590938615388E-4,31.80047856647959,0.4543898489045632
542.0,542.0,train,8.104440108514465E-5,15.793487992372427,0.3571701056402808
543.0,543.0,train,1.2028613318098612E-4,31.142110805583215,0.4519507843140287
544.0,544.0,train,1.5230266131400927E-4,46.63031901533579,0.5107994659887042
545.0,545.0,train,2.9965000182597464E-4,88.097514159164,0.6725960027553306
546.0,546.0,train,2.2406625443052326E-4,73.9461255908709,0.6057009226198882
547.0,547.0,train,9.587048915274174E-5,20.62138837111428,0.39659645090905543
548.0,548.0,train,1.0677695606398222E-4,25.180997214352328,0.42264542236409025
549.0,549.0,train,3.453110910052518E-4,92.3041454261663,0.7030325328223875
551.0,551.0,train,8.114020218974739E-5,15.81652161149485,0.3574413966140956
552.0,552.0,train,2.456329381359013E-4,79.68197599980434,0.6274220469845897
553.0,553.0,train,2.7803674662089863E-4,85.96557504902444,0.6559027333773371
554.0,554.0,train,2.0447651402757413E-4,68.15731240461514,0.5836530951310859
555.0,555.0,train,2.1779908401650973E-4,72.24167110492489,0.5989057623009775
556.0,556.0,train,1.5065338238480537E-4,45.76973744686994,0.5080784386111418
558.0,558.0,train,5.4877031371039E-4,97.18072082107244,0.7900148338143596
559.0,559.0,train,1.7636165787176934E-4,57.42449773958741,0.547325808480264
560.0,560.0,train,2.778078828538023E-4,85.94241161570143,0.6557168544973273
561.0,561.0,train,1.9736849616625536E-4,65.74224487716766,0.5750309126307731
562.0,562.0,train,3.1962456027466755E-4,90.12056183070156,0.686645262752773
563.0,563.0,train,4.891540047703959E-4,96.49746196976346,0.770301112549636
564.0,564.0,train,7.206256743362105E-4,98.48680259999828,0.8316623403269172
566.0,566.0,train,9.560875534253707E-4,99.29983753362131,0.867632298848794
568.0,568.0,train,2.92435309329553E-4,87.47938071930679,0.6672067023307342
569.0,569.0,train,6.547781110382404E-5,11.577471821060536,0.3098215229812551
570.0,570.0,train,7.930236201361529E-5,15.30115380509282,0.352196708655884
571.0,571.0,train,6.11838405327128E-5,10.62465126246703,0.2955077974240352
572.0,572.0,train,9.466338435293317E-5,20.193016372124777,0.3935682072359235
573.0,573.0,train,1.2250464673095902E-4,32.25581340017676,0.4564813467466502
574.0,574.0,train,2.2671539053424774E-4,74.86064096160452,0.6085045017907654
575.0,575.0,train,6.382546595699576E-5,11.167050348004416,0.3043829063490492
577.0,577.0,train,3.108127739055083E-4,89.185695916368,0.6805989219595399
578.0,578.0,train,2.4639660518764974E-4,79.88012639410375,0.6281473977118123
579.0,579.0,train,3.871277887475853E-4,94.33388110351042,0.7263316369820749
580.0,580.0,train,1.8311411862374102E-4,60.3400928982121,0.5566172398996124
581.0,581.0,train,2.1142036917067415E-4,70.26733198285524,0.5917448676643973
582.0,582.0,train,6.961371971215806E-4,98.40980642342693,0.8267664568494187
583.0,583.0,train,1.2789858812566792E-4,34.70832423873813,0.4671903434331455
585.0,585.0,train,1.7182664929680654E-4,55.65843933116034,0.5408638923759004
587.0,587.0,train,1.6983058061794898E-4,54.72105661575224,0.5379608611060501
588.0,588.0,train,1.644286444422166E-4,52.24000462866262,0.5299171089730335
589.0,589.0,train,1.2985246600127323E-4,35.653163085958795,0.4709661434921761
590.0,590.0,train,1.3397973125642154E-4,37.64454332980794,0.4787686191494185
592.0,592.0,train,1.689334049623342E-4,54.15352923489872,0.536644039266567
593.0,593.0,train,1.629681612468672E-4,51.62298655255759,0.5276940527658752
594.0,594.0,train,1.6652480776681557E-4,53.01400465289816,0.5330714310102092
595.0,595.0,train,1.190693285047776E-4,30.527121534200337,0.4494336516027105
596.0,596.0,train,4.761848920961875E-5,7.678536474780291,0.24611442372419776
597.0,597.0,train,1.025390163481363E-4,23.397555148226456,0.4127952698847532
598.0,598.0,train,4.124672954287658E-5,6.39178759957339,0.22044185322355134
599.0,599.0,train,1.5385433841378263E-4,47.33963026731746,0.5133321264541377
600.0,600.0,train,9.751443171333414E-5,21.24532180827834,0.4006722699303376
601.0,601.0,train,1.8284877724484202E-4,60.25344956186858,0.5562593338533209
602.0,602.0,train,7.373065729302528E-4,98.54713224733945,0.8348418256227661
603.0,603.0,train,4.83134783200817E-5,7.810895672755451,0.248812707899358
604.0,604.0,train,1.6744732102658459E-4,53.39689038666668,0.5344462607035421
605.0,605.0,train,1.9404769053973665E-4,64.66938480674119,0.5708791121863787
606.0,606.0,train,2.303681457037778E-4,75.75242290213649,0.6123054595370968
607.0,607.0,train,1.984680855687736E-4,66.21752543511788,0.5763880135544327
609.0,609.0,train,2.0734261050989503E-4,69.08123429655227,0.5870315570860795
610.0,610.0,train,1.0254268169994712E-4,23.39901270306254,0.41280393440194996
611.0,611.0,train,1.2193851288076619E-4,31.99050548755382,0.45533234369311765
613.0,613.0,train,1.15836729156938E-4,28.97941839773437,0.44263286859284545
614.0,614.0,train,6.315937828664845E-5,11.004967161449839,0.3021661923402656
615.0,615.0,train,1.228251770403047E-4,32.41968418440011,0.4571297357338996
617.0,617.0,train,1.6102301902079216E-5,1.6314628801964866,0.09941845874284853
619.0,619.0,train,2.54160178224898E-4,81.51448119940495,0.6353642486578948
622.0,622.0,train,9.507698617919494E-5,20.35536175391136,0.3946092204237471
623.0,623.0,train,1.1605683917524035E-4,29.093207230354942,0.44310126484950724
626.0,626.0,train,1.6908314289412806E-4,54.21688026783942,0.5368643374056223
627.0,627.0,train,1.8242834051821787E-4,59.997375116960995,0.5556910426076883
629.0,629.0,train,6.337948576410717E-5,11.058527260096309,0.3029002627891383
630.0,630.0,train,1.265084351137057E-4,34.114904537079894,0.46447093928784217
631.0,631.0,train,3.694827251305248E-5,5.646392658127385,0.20211199697056162
632.0,632.0,train,1.0753242368267907E-4,25.489088227588724,0.42436673742594555
633.0,633.0,train,2.5594844776574173E-4,82.05371351416771,0.6369870686255955
635.0,635.0,train,1.8642049907265334E-4,61.59901118697316,0.5610291165487149
636.0,636.0,train,2.6951184804684597E-4,84.54722948444234,0.64884068552768
637.0,637.0,train,6.270527211270678E-4,98.05442370054861,0.8112825505627085
639.0,639.0,train,3.7201864090712506E-4,93.52601647838318,0.7183473823877513
640.0,640.0,train,1.5054854840529432E-4,45.71907876901755,0.5079044569864889
641.0,641.0,train,1.818508138037828E-4,59.67089903618273,0.5549080405278394
642.0,642.0,train,2.3950612629024826E-4,77.92164894191605,0.6214985903012238
644.0,644.0,train,1.1828233422666063E-4,30.147313114476145,0.44779329249101085
646.0,646.0,train,2.334903345712122E-4,76.62742179357318,0.6154963022492211
647.0,647.0,train,1.4227622048568894E-4,41.92245728049933,0.49377662945941403
648.0,648.0,train,2.638163788203279E-4,83.37770334386622,0.643958772800315
651.0,651.0,train,2.7712387664586104E-4,85.87318295451496,0.6551601184873078
652.0,652.0,train,1.943323834564165E-4,64.76217008175459,0.5712382229303481
653.0,653.0,train,2.2444324817330773E-4,74.02319102795128,0.6061023429099429
654.0,654.0,train,1.8405687674737749E-4,60.720140453405754,0.5578842238635152
655.0,655.0,train,4.55048618327391E-4,96.02496961943527,0.7572642962047436
656.0,656.0,train,5.724551763200985E-4,97.44354446263475,0.7969386075348105
657.0,657.0,train,4.751496061900768E-4,96.27639447777246,0.7651211906576826
658.0,658.0,train,5.022618812347496E-5,8.205791947071337,0.25614001732369124
659.0,659.0,train,6.578177877014703E-5,11.64514837537663,0.31081277033877314
660.0,660.0,train,3.1501969283504773E-4,89.71607236243057,0.6835144047917968
661.0,661.0,train,1.0091631411553929E-4,22.678033120507994,0.40893408753160343
665.0,665.0,train,1.438976880984985E-4,42.69459807744056,0.4966094012567936
666.0,666.0,train,1.1932778860157291E-4,30.65876866359979,0.449970245055948
668.0,668.0,train,5.250682544117066E-5,8.701974573179175,0.26469211524487024
669.0,669.0,train,7.568779637489728E-5,14.329995137277995,0.34162788345317074
670.0,670.0,train,1.0614123582676885E-4,24.90734896714661,0.42118895257098804
671.0,671.0,train,3.127230460048328E-4,89.51563081910565,0.6819294105171618
672.0,672.0,train,1.0716158312854274E-4,25.339434113005403,0.4235230704409246
673.0,673.0,train,1.096867360188095E-4,26.52570344670504,0.4292193964463677
674.0,674.0,train,2.691745829146628E-4,84.44828273754639,0.6485553284689335
676.0,676.0,train,3.13821763526254E-4,89.61152219986757,0.6826896489544759
678.0,678.0,train,6.056071509848764E-4,97.71013678844935,0.8058969003215314
680.0,680.0,train,2.2677849906227625E-4,74.88176855414291,0.6085708033984716
681.0,681.0,train,3.5654168474957205E-5,5.4163338176131175,0.19642354163384138
682.0,682.0,train,4.058946812904923E-5,6.276478172365531,0.21769383617209787
683.0,683.0,train,2.121415087535687E-4,70.55110864990313,0.5925672295326122
684.0,684.0,train,1.1380880776439997E-4,28.217094970635877,0.43828007251143
686.0,686.0,train,9.395044460817759E-5,19.869295015140988,0.39176534738566965
688.0,688.0,train,9.005639620959513E-5,18.67783361101029,0.3817259054008847
689.0,689.0,train,2.046230058199566E-4,68.25443686609103,0.5838271148386316
690.0,690.0,train,1.1880243439371783E-4,30.405599229062222,0.44887844826437234
691.0,691.0,train,1.7326789440563268E-4,56.20716579128008,0.5429374254931195
692.0,692.0,train,4.2992981049872235E-4,95.49742502306538,0.746675008675505
694.0,694.0,train,4.036078056855165E-4,95.01360581436924,0.7345396480595795
695.0,695.0,train,2.038758936180543E-4,67.91259737606777,0.5829380853566769
696.0,696.0,train,1.3400541964315915E-4,37.660184704691105,0.47881646167474295
698.0,698.0,train,1.4058030538158204E-4,41.15295296779248,0.4907794812866312
700.0,700.0,train,1.0683843659825798E-4,25.206965030996255,0.42278588900794095
703.0,703.0,train,2.9906394982723636E-4,88.01536430763407,0.6721647500850102
705.0,705.0,train,3.268452750473091E-4,90.7477689232816,0.6914318238666336
707.0,707.0,train,3.544380395522211E-4,92.63563129946527,0.7084500888379661
708.0,708.0,train,3.114836378735529E-5,4.490216582263245,0.1759685466837135
709.0,709.0,train,1.3366953853587816E-4,37.46208852277336,0.47819021633971803
712.0,712.0,train,1.7204011271171535E-4,55.74005320610349,0.5411721903377275
714.0,714.0,train,8.550770724275396E-5,17.219725240430414,0.36957077423591583
715.0,715.0,train,4.7948439561844506E-5,7.739557119326868,0.24739786350803364
716.0,716.0,train,2.1639735114596802E-4,71.88558822478845,0.5973537636325637
717.0,717.0,train,2.0438178970139185E-4,68.09450889168961,0.5835404932448991
718.0,718.0,train,1.643719273288609E-4,52.21820327947381,0.5298311683654698
719.0,719.0,train,1.580595953136108E-4,49.25411237282761,0.5200659662263749
720.0,720.0,train,1.9064757051588885E-4,63.20643475514978,0.5665432477513405
721.0,721.0,train,1.4298019473456324E-4,42.26766047547181,0.49501040856457856
722.0,722.0,train,1.9532026296717442E-4,65.07923208429638,0.5724796831800965
723.0,723.0,train,2.089296753234302E-5,2.482285044502057,0.12529096689703184
725.0,725.0,train,2.971548784904894E-4,87.77667065576742,0.6707520273479065
726.0,726.0,train,5.551390140351955E-4,97.2871398270736,0.7919225791753158
727.0,727.0,train,1.4764429835677597E-4,44.4085432303903,0.5030351729442615
729.0,729.0,train,2.287244675122729E-4,75.35254241168377,0.610604266144304
731.0,731.0,train,1.6748898267551898E-4,53.41456493826325,0.534508158383037
732.0,732.0,train,1.389682152397638E-4,40.20337535724937,0.4878973867035817
733.0,733.0,train,1.4666693682264335E-4,44.04151425034653,0.5013747789388767
735.0,735.0,train,1.2310849525715376E-4,32.557673875092526,0.4577015630874761
740.0,740.0,train,2.4157051072312024E-4,78.53772385217498,0.6235153833331142
741.0,741.0,train,2.78970132972087E-4,86.07395868495149,0.6566587384111612
742.0,742.0,train,3.8021387194675207E-4,93.96188338402052,0.7227349730782385
743.0,743.0,train,1.3292999003577532E-5,1.1714761772533788,0.08352202661850902
744.0,744.0,train,4.0009047157020106E-5,6.162135636775131,0.21525093061449144
745.0,745.0,train,1.6847975524802148E-4,53.95003905002718,0.53597533748623
746.0,746.0,train,5.865395546773701E-5,10.139295755807032,0.2867931766867944
747.0,747.0,train,2.1475570237047757E-4,71.35721048522932,0.5955207904351648
748.0,748.0,train,3.3234754579368535E-4,91.33286819383758,0.6949821994255297
749.0,749.0,train,1.9250719399904333E-4,64.1389446503864,0.5689254530962563
750.0,750.0,train,2.4312679878383145E-5,3.133276069582006,0.14286844999424492
751.0,751.0,train,4.440527884773581E-5,6.98179424091391,0.23338293781099984
753.0,753.0,train,4.525027078272787E-5,7.1775202565289336,0.23677248032876638
754.0,754.0,train,1.8086716916184342E-4,59.28911303581227,0.5535680576148699
755.0,755.0,train,1.7556757365807537E-4,56.99664494015878,0.5462074896420948
756.0,756.0,train,2.874811482312036E-5,3.959647140254835,0.1646411746369958
757.0,757.0,train,1.2102490054027035E-4,31.591324504764835,0.4534678312195123
758.0,758.0,train,1.4096708843078034E-4,41.35788397382082,0.49146615308556435
759.0,759.0,train,1.3728044384468406E-4,39.29657000454382,0.4848448232356549
760.0,760.0,train,1.2822312116697216E-4,34.97892530695833,0.46782122026721823
761.0,761.0,train,1.0758385267622297E-4,25.509842593331296,0.42448354410394495
762.0,762.0,train,1.4591102853499206E-4,43.56745611768622,0.5000829729379991
763.0,763.0,train,1.3253548598692603E-4,36.84823233443591,0.47606462811205236
764.0,764.0,train,1.5563424907523486E-4,48.074906631395564,0.5162052089122644
766.0,766.0,train,1.3800024753935628E-4,39.7351333286493,0.4861511251692915
769.0,769.0,train,1.9092571933278522E-4,63.386738578364714,0.5669012336800313
770.0,770.0,train,2.1358600494782653E-4,70.92033534474494,0.5942045569892791
771.0,771.0,train,1.983212732701174E-4,66.16475055487793,0.576207321045257
772.0,772.0,train,1.54882691819564E-4,47.83492635930196,0.5149962141801264
773.0,773.0,train,2.4334825920661887E-4,79.07513448237839,0.6252350037483181
774.0,774.0,train,2.5929367670788045E-4,82.65557644758562,0.6399843351238215
775.0,775.0,train,1.458658217280798E-4,43.54331250710878,0.5000055048201739
778.0,778.0,train,2.455959159326471E-4,79.67300225045308,0.6273868104121453
779.0,779.0,train,1.2994093890142099E-4,35.68868535520546,0.4711358481959934
780.0,780.0,train,1.3013732975939343E-4,35.77054022089632,0.47151216742508706
782.0,782.0,train,1.2417458428548873E-4,33.11744183949252,0.4598425215410444
783.0,783.0,train,1.9098321463537662E-4,63.442492601579296,0.5669751581368824
784.0,784.0,train,1.35174062905948E-4,38.1682818304,0.48098371488284797
785.0,785.0,train,6.711087240822169E-5,11.947348211278102,0.3151137488101051
786.0,786.0,train,2.089788884024572E-4,69.54636574457412,0.5889358753146205
787.0,787.0,train,1.3139829583494754E-4,36.38338947623859,0.4739156985916844
788.0,788.0,train,4.4916955450997805E-4,95.85220765817992,0.7548660078789604
789.0,789.0,train,1.3314959737112587E-4,37.18225975025825,0.47721782022362647
790.0,790.0,train,1.0628621319760617E-4,24.971881979040916,0.4215217500944347
791.0,791.0,train,1.1444377668228128E-4,28.40116941512572,0.43965028358918606
792.0,792.0,train,1.574131238172934E-4,48.90368960054066,0.5190429246887573
793.0,793.0,train,1.6277849066303438E-4,51.530013922392335,0.5274038044982422
795.0,795.0,train,1.6500564360618993E-4,52.44488195771933,0.5307896246836566
796.0,796.0,train,1.8635590571199238E-4,61.57818181260203,0.5609437672883284
797.0,797.0,train,3.4599888478384647E-5,5.207447276705395,0.19172896745155463
798.0,798.0,train,1.9714254034763692E-4,65.64099348309331,0.5747509627875889
801.0,801.0,train,2.2549327964761114E-4,74.5114958974024,0.6072161126096763
802.0,802.0,train,2.8502255666065546E-4,86.82699757864657,0.6614814776144528
803.0,803.0,train,2.8668103975469655E-4,87.04100421280343,0.662779444297909
804.0,804.0,train,2.982233620330561E-4,87.91026117104819,0.67154420738158
805.0,805.0,train,1.1666685479464737E-4,29.368483355727772,0.4443952793223631
807.0,807.0,train,7.460227302480444E-4,98.58508946473853,0.8364558723677743
808.0,808.0,train,1.2471261037834237E-4,33.346913496934086,0.46091659926833517
809.0,809.0,train,2.417126907799598E-4,78.58534708702598,0.6236534948281001
811.0,811.0,train,2.043437823600302E-4,68.06930950890512,0.5834952955586598
812.0,812.0,train,3.6090001251948766E-4,92.92362378645794,0.7121677814245506
813.0,813.0,train,9.608315168798956E-4,99.31040695664176,0.8681997072425172
815.0,815.0,train,7.139688700009866E-5,13.074181686931603,0.3286249301771756
816.0,816.0,train,2.7159581951499283E-4,84.91108262829307,0.6505936887983401
817.0,817.0,train,1.40009818789191E-4,40.75202931737347,0.48976328157886145
818.0,818.0,train,5.682810418169458E-4,97.40617716404233,0.7957517236879741
819.0,819.0,train,1.2800869184427955E-4,34.78948136880231,0.4674045474192
820.0,820.0,train,2.326727562456856E-4,76.38368141865956,0.614665833242945
821.0,821.0,train,3.9728589136806084E-4,94.75610156796274,0.7314498529193522
822.0,822.0,train,1.841518734083919E-4,60.767446304691845,0.5580114895583215
823.0,823.0,train,1.92807812658753E-4,64.25857828203267,0.569308093692813
825.0,825.0,train,2.2108167869876262E-4,73.2892841947456,0.6024938541521144
828.0,828.0,train,1.4157538090188353E-4,41.63875168072845,0.4925423410644499
829.0,829.0,train,3.8613013930121834E-4,94.28616193200048,0.7258184249293517
830.0,830.0,train,2.3039824303434678E-4,75.7605900721996,0.6123364714551663
831.0,831.0,train,2.5571849088067345E-4,81.98365688395687,0.6367791969832911
832.0,832.0,train,6.595591177842669E-5,11.683918031819434,0.31137934140449586
833.0,833.0,train,3.444978190416244E-4,92.27907406041356,0.702540006711166
834.0,834.0,train,1.5097308671307982E-4,45.905751576176286,0.508608258488402
835.0,835.0,train,8.316140305899265E-5,16.45620021666688,0.36311215572318656
836.0,836.0,train,3.1198703107418154E-4,89.34755637695821,0.6814180970161601
838.0,838.0,train,1.417806200000777E-4,41.72452705617158,0.4929044220782347
839.0,839.0,train,1.8302999019931474E-4,60.31264173167044,0.5565038256938399
841.0,841.0,train,1.060284216409895E-5,0.7930295479139715,0.06776474949597279
843.0,843.0,train,2.5065881121912667E-5,3.291823196635698,0.14664542447908227
844.0,844.0,train,4.111978563874697E-4,95.1900715048694,0.7381565938895419
846.0,846.0,train,1.6247561408041882E-4,51.36003464123873,0.5269395794702795
847.0,847.0,train,5.305524565598377E-5,8.819066220259899,0.2667193727124215
848.0,848.0,train,2.3649211717044388E-4,77.22111086124956,0.6185149559430904
849.0,849.0,train,2.359061093121012E-4,77.12845642346757,0.6179293835208207
850.0,850.0,train,1.853723446970365E-4,61.2638644431474,0.5596400443935329
852.0,852.0,train,1.2426095844669376E-4,33.15476272865702,0.4600152411945184
853.0,853.0,train,2.1611992199402612E-4,71.77095217140207,0.597045169172763
854.0,854.0,train,2.263858295155319E-4,74.7513775072726,0.6081579008609831
855.0,855.0,train,1.8950468619958414E-4,62.65413566600967,0.5650660884406429
856.0,856.0,train,7.304620190588054E-5,13.53053031106154,0.3336832414478796
857.0,857.0,train,8.719984609891786E-5,17.768817364249415,0.3741479755890505
858.0,858.0,train,8.510867610821787E-5,17.10092084923067,0.3684816306737626
859.0,859.0,train,1.6772695074223677E-4,53.51552058887038,0.5348613978001738
860.0,860.0,train,2.440474605447404E-4,79.21267782692514,0.6259070463722991
861.0,861.0,train,1.7696103937931454E-4,57.689703993025496,0.5481662814132202
862.0,862.0,train,1.9040840345285328E-4,63.11763256178449,0.566234958977492
864.0,864.0,train,1.2920025196174657E-4,35.392818002363846,0.46971172729705546
866.0,866.0,train,1.764220609731694E-4,57.47813751767397,0.5474106493913047
867.0,867.0,train,2.6779224753498555E-4,84.05114933571406,0.6473808846186535
868.0,868.0,train,2.6751095317414746E-4,83.98424575029765,0.6471409327263695
869.0,869.0,train,1.6452195728534804E-4,52.27400751725331,0.5300584329166385
871.0,871.0,train,2.2893043043397838E-4,75.39570782352224,0.6108182537972563
872.0,872.0,train,1.7247718532258238E-4,55.91905526732529,0.5418021494936835
873.0,873.0,train,2.3590111049855928E-4,77.12766605478615,0.6179243806887822
874.0,874.0,train,2.0272737274404736E-4,67.59537458007998,0.5815639657933899
875.0,875.0,train,1.9778301140562377E-4,65.95127773323873,0.5755435225755885
876.0,876.0,train,6.0633892164730826E-5,10.489142227214511,0.29363157030549714
879.0,879.0,train,1.3038193186663057E-4,35.908823358963815,0.4719801196121925
880.0,880.0,train,1.745058039089518E-4,56.562519969764836,0.5447035237731008
881.0,881.0,train,6.593057520672795E-5,11.678276998049313,0.3112969625183164
882.0,882.0,train,2.4366153069255324E-4,79.13675966181856,0.6255364053176085
884.0,884.0,train,2.0257174221521062E-4,67.5491870419067,0.5813770685460545
885.0,885.0,train,1.709750564124344E-4,55.27167283242806,0.539629831265812
886.0,886.0,train,1.6716483963123758E-4,53.27705038693476,0.5340261369409738
887.0,887.0,train,2.4040045121990285E-4,78.15534261667939,0.6223749444771032
888.0,888.0,train,1.6956528009939295E-4,54.577341477342785,0.5375722485989544
889.0,889.0,train,2.0971108321435754E-4,69.75663711173578,0.5897823356272895
891.0,891.0,train,5.541971049247062E-5,9.362858452929716,0.2753332254099275
892.0,892.0,train,4.944840536570955E-5,8.037969347463434,0.25317776008529935
893.0,893.0,train,2.2339917399549322E-4,73.81886697199374,0.6049886117024308
894.0,894.0,train,2.549263854447895E-4,81.71639461873939,0.6360613400165697
895.0,895.0,train,5.468504688172146E-5,9.181802315200267,0.27267856308304794
896.0,896.0,train,6.16620034566929E-4,97.8714832665324,0.8087004196608609
897.0,897.0,train,1.5296926877787293E-4,46.99951091795328,0.5118907308455112
899.0,899.0,train,2.629265553563033E-4,83.26913419817976,0.6431837673328352
900.0,900.0,train,1.8546905830262443E-4,61.29505426082021,0.5597685826624339
901.0,901.0,train,2.3732277447283505E-4,77.45266569474876,0.6193419273008709
903.0,903.0,train,2.2582554387080945E-4,74.60079519554554,0.6075672350005933
904.0,904.0,train,2.4152249705843793E-4,78.52164166681052,0.6234687207076858
905.0,905.0,train,1.870012978334002E-4,61.790111516296065,0.5617950564394236
906.0,906.0,train,2.131839789011292E-4,70.80084488191389,0.5937501860446482
907.0,907.0,train,3.3290393972186885E-4,91.39980375893447,0.6953366729207238
908.0,908.0,train,3.0668090117475075E-4,88.8351560235822,0.6776826839134191
909.0,909.0,train,5.762815292355428E-4,97.47779838325071,0.7980145486232479
910.0,910.0,train,3.524633158250493E-4,92.53363482326915,0.7072947595695052
911.0,911.0,train,3.2446564602804846E-4,90.56461373455656,0.6898706210745671
912.0,912.0,train,3.5203136653500335E-4,92.51132420590335,0.7070408223323021
914.0,914.0,train,5.017980415031412E-4,96.66393224120444,0.7747854380433766
916.0,916.0,train,5.259255124631072E-4,96.90313133813663,0.7828740862681048
917.0,917.0,train,3.0422966415683575E-4,88.59706907115735,0.6759273191088203
918.0,918.0,train,2.312058827156596E-4,76.02597074689035,0.6131668045505576
919.0,919.0,train,2.600038722067636E-4,82.77257673543478,0.640614299695898
920.0,920.0,train,1.8772490089717558E-4,62.05547589904802,0.562745590945231
921.0,921.0,train,2.3519038552326213E-4,77.01529243715241,0.6172117483558625
922.0,922.0,train,1.4448356042900617E-4,42.99192875466786,0.4976251633138723
923.0,923.0,train,1.2125072091754531E-4,31.700282224565875,0.4539298751772877
924.0,924.0,train,2.4489213277671397E-4,79.49118461845352,0.62671570176555
925.0,925.0,train,2.3380734475439093E-4,76.75487942228143,0.6158173484267279
926.0,926.0,train,2.522030681851751E-5,3.3207725378368433,0.14741569352347947
927.0,927.0,train,2.537618964380334E-4,81.392753226491,0.6350008380654639
928.0,928.0,train,3.0784079494876847E-4,88.92263043977245,0.6785066888562719
929.0,929.0,train,2.6139994706564254E-4,83.00713763725727,0.6418462551807569
930.0,930.0,train,3.023242954481775E-4,88.40517910359561,0.6745495949090977
931.0,931.0,train,3.6662022645174994E-4,93.26716079943296,0.7153804975392218
932.0,932.0,train,2.660687050820203E-4,83.70791576297653,0.6459055075521904
933.0,933.0,train,3.0640011124423314E-4,88.81398000229963,0.6774825713404461
934.0,934.0,train,2.1749132174469758E-4,72.17630514344097,0.5985660338350015
935.0,935.0,train,1.7140633696071994E-4,55.49153774427588,0.5402556369135084
936.0,936.0,train,2.0046774635547026E-4,66.7556594855075,0.5788338871625717
937.0,937.0,train,1.2305743905368475E-4,32.53482800062923,0.4575986042361619
938.0,938.0,train,2.2646200152994785E-4,74.77581091083643,0.6082380658597715
941.0,941.0,train,2.6972698520784925E-4,84.60797778135552,0.6490224692365703
942.0,942.0,train,1.2544451325830416E-4,33.72754951280999,0.462370879896642
943.0,943.0,train,0.001154496056441505,99.66578304597884,0.8878289400623501
944.0,944.0,train,0.0013373965332590249,99.85134136488163,0.9016607377238072
945.0,945.0,train,2.6265652041613727E-4,83.22279075983735,0.6429479084883222
946.0,946.0,train,1.1310908959212113E-4,27.997531574026294,0.4367623559355987
947.0,947.0,train,2.1425430684128804E-4,71.16223316860392,0.5949576287010274
948.0,948.0,train,1.7806709440647506E-4,58.1457674747793,0.5497090635330288
949.0,949.0,train,3.7572439869293877E-4,93.69682066135505,0.7203484605653331
950.0,950.0,train,5.085375692724331E-4,96.75217935207021,0.7771048747468754
952.0,952.0,train,1.8075396744381676E-4,59.24754988105397,0.5534133292074189
954.0,954.0,train,1.5367706025905123E-4,47.2572376641263,0.5130440992204074
955.0,955.0,train,1.0845034668811492E-4,26.0101782850689,0.4264444412971661
956.0,956.0,train,2.5754846997205815E-4,82.37679812348907,0.6384268623753334
957.0,957.0,train,1.6713913418952615E-4,53.266145101919356,0.5339878685792091
959.0,959.0,train,1.1296821818077124E-4,27.948787486200263,0.43645580790021904
960.0,960.0,train,6.499002816067489E-4,98.26442924542226,0.8167009149845647
962.0,962.0,train,1.1461829695382634E-4,28.450946814935076,0.4400257137343291
963.0,963.0,train,4.502469857856734E-5,7.124722689060123,0.23587057168299144
965.0,965.0,train,1.5155147355488846E-4,46.21562245229185,0.5095638773823001
966.0,966.0,train,8.757197236109848E-5,17.88061604479895,0.3751456682713574
968.0,968.0,train,1.1505968491372706E-4,28.609357116186892,0.44097299157421355
969.0,969.0,train,2.555321514273729E-4,81.91611506327388,0.6366105790231632
971.0,971.0,train,4.18521755875731E-4,95.32848177836223,0.7415544817551476
972.0,972.0,train,3.763594127528253E-4,93.72608934000425,0.7206885125962811
973.0,973.0,train,1.793761597137778E-4,58.703787061199385,0.5515214558373547
974.0,974.0,train,1.527122079612543E-4,46.86181890136133,0.5114704885483693
975.0,975.0,train,1.4373567041577707E-4,42.62770468508029,0.4963277760405721
976.0,976.0,train,2.1465710582012603E-4,71.32119646096861,0.5954101716450884
977.0,977.0,train,2.616845885519913E-4,83.05598766246268,0.642096399003738
978.0,978.0,train,1.6227274813792323E-4,51.24386166383845,0.5266281324209103
979.0,979.0,train,3.684003944174887E-4,93.35252041589551,0.7163657337246921
980.0,980.0,train,1.3863879306556118E-4,40.066683139654906,0.4873044266881767
981.0,981.0,train,3.854066244820751E-4,94.24760591211732,0.7254450277516866
982.0,982.0,train,1.6647187694588514E-4,52.9968926379823,0.5329923013799149
983.0,983.0,train,1.6775523740891868E-4,53.53282909234861,0.5349033508354175
984.0,984.0,train,2.2777466216308853E-4,75.14613939575331,0.6096144019668877
985.0,985.0,train,1.0263304798801186E-4,23.43494754014922,0.41301747024102514
990.0,990.0,train,2.4466345590758463E-4,79.39792079412777,0.6264971210046518
991.0,991.0,train,3.3389645642351555E-4,91.51920597187686,0.6959669547887055
993.0,993.0,train,3.1876466793922674E-4,90.04189562013487,0.6860653326675565
994.0,994.0,train,1.7621291578953375E-4,57.292410278872346,0.5471167528506062
995.0,995.0,train,3.0644742971191205E-4,88.81754856644571,0.6775163115389544
996.0,996.0,train,4.842628538067614E-4,96.42025233664151,0.7685181470937023
997.0,997.0,train,2.684669349207573E-4,84.23916204577444,0.6479550837606216
998.0,998.0,train,1.0702522200919962E-4,25.284405065207725,0.42321222496134664
999.0,999.0,train,3.2466502221170125E-4,90.5799593124801,0.6900020318733991
1000.0,1000.0,train,6.357859271757086E-5,11.106977172801857,0.3035629662266652
1001.0,1001.0,train,8.223074915882593E-5,16.116731444817052,0.36051356118854944
1002.0,1002.0,train,9.441538061820363E-5,20.055760975822256,0.392942276624726
1003.0,1003.0,train,9.022811805677608E-5,18.733169273555728,0.38217561035332487
1004.0,1004.0,train,1.5366755735808987E-4,47.25383640264515,0.5130286500463226
1005.0,1005.0,train,2.1538651142328607E-4,71.56817021953867,0.5962270873698939
1006.0,1006.0,train,2.9391579923744154E-4,87.57511086485135,0.6683270327252511
1007.0,1007.0,train,7.00434065702165E-5,12.71191380719003,0.32441618679447864
1008.0,1008.0,train,8.316734834681721E-5,16.458393805716938,0.36312868841425944
1009.0,1009.0,train,1.1471422701794459E-4,28.478308387966543,0.4402318654775953
1010.0,1010.0,train,1.3152166252754411E-4,36.459272334931924,0.474149674655731
1011.0,1011.0,train,1.0603858379208823E-4,24.861656008743793,0.4209530817883107
1013.0,1013.0,train,1.302844219932218E-4,35.85369721373213,0.47179367128667404
1014.0,1014.0,train,1.084164298945091E-4,25.99194553034084,0.4263679380764464
1015.0,1015.0,train,2.0754053724108312E-4,69.12879421939148,0.58726284391714
1016.0,1016.0,train,1.2063421062712179E-4,31.35148842624742,0.45266660362839495
1018.0,1018.0,train,3.9304833611436514E-5,6.018783533635187,0.21226643769253561
1019.0,1019.0,train,3.3413912707846896E-5,4.960362983956587,0.18638197696629766
1020.0,1020.0,train,1.6770606613098403E-5,1.7397063041950702,0.10311919651076704
1021.0,1021.0,train,1.7762258110928618E-4,57.973511886957034,0.54909030164091
1022.0,1022.0,train,4.137534579313354E-4,95.24572118485652,0.7393523555042801
1025.0,1025.0,train,1.3729485974201713E-4,39.30433220516834,0.48487105042347434
1027.0,1027.0,train,2.470988838757768E-4,80.065009090774,0.6288119517758769
1028.0,1028.0,train,1.629639738942981E-4,51.62093399820831,0.5276876488109524
1029.0,1029.0,train,8.300985875136382E-5,16.40028602989866,0.3626904504479054
1030.0,1030.0,train,1.547206866761903E-4,47.78621183416178,0.5147348120704526
1032.0,1032.0,train,2.0131564005174653E-4,67.15736144658595,0.5798624772087702
1033.0,1033.0,train,1.542618534008542E-4,47.53807044946084,0.5139929338072372
1034.0,1034.0,train,1.480862551372054E-4,44.591660648292006,0.5037823674432851
1035.0,1035.0,train,1.420672482870232E-4,41.83981755241736,0.4934092253582108
1036.0,1036.0,train,1.9650365555484866E-4,65.3667353080746,0.5739574116394944
1037.0,1037.0,train,5.54435209118716E-5,9.368643935947786,0.27541893874493173
1038.0,1038.0,train,3.521203871822778E-4,92.51592221230078,0.7070931924248026
1041.0,1041.0,train,6.067962947614719E-5,10.496233321559743,0.2937879905754659
1042.0,1042.0,train,4.842383222756281E-4,96.41986509230316,0.7685091348799579
1043.0,1043.0,train,1.7599221568187175E-4,57.17902462389806,0.546806204822555
1044.0,1044.0,train,4.3749310783570196E-4,95.61524305556615,0.7499594064691909
1045.0,1045.0,train,7.906609901064256E-4,98.77948064791536,0.8442510045646419
1046.0,1046.0,train,4.357257836522198E-4,95.58689151854736,0.749199585962633
1047.0,1047.0,train,1.0247281997564574E-4,23.371231660650274,0.41263874440201426
1049.0,1049.0,train,8.672012690233679E-4,99.09435271777787,0.8560183489539118
1050.0,1050.0,train,4.892412446484543E-5,7.931466382342717,0.2511676404639677
1051.0,1051.0,train,2.6146807879263897E-4,83.01883022395896,0.6419061613794352
1054.0,1054.0,train,3.911167397079336E-4,94.52354651907761,0.7283645823463023
1055.0,1055.0,train,4.0506892042754854E-4,95.05661043162429,0.7352436702697668
1056.0,1056.0,train,1.2261276840135348E-4,32.31109049068108,0.45670023514174796
1057.0,1057.0,train,1.7395305763658674E-4,56.40113525063414,0.54391662226827
1058.0,1058.0,train,1.0829953595464766E-4,25.92565594867637,0.42610411392779984
1059.0,1059.0,train,2.031914714375549E-4,67.73310832861098,0.5821203140132587
1061.0,1061.0,train,5.221815528782547E-5,8.634374985310608,0.2636205248779624
1062.0,1062.0,train,5.85271567299257E-5,10.107423231249731,0.2863507194812095
1065.0,1065.0,train,2.697432479894333E-4,84.6125699042584,0.6490362030923745
1066.0,1066.0,train,8.648680192879214E-5,17.483553333291912,0.3722273331658593
1067.0,1067.0,train,1.3397873071270013E-4,37.643934109789825,0.4787667555406166
1068.0,1068.0,train,1.637476141393507E-4,51.97490791173651,0.528883096951504
1069.0,1069.0,train,2.4617598894155544E-4,79.81985693352144,0.627938140956332
1070.0,1070.0,train,1.0625976389827898E-4,24.96010874203007,0.4214610639119459
1071.0,1071.0,train,9.191088534507902E-5,19.180219039479564,0.3865480685691936
1073.0,1073.0,train,3.389568309660016E-4,91.96532597207299,0.6991403446166881
1074.0,1074.0,train,1.5105386228125161E-4,45.940116511532054,0.5087419406880572
1076.0,1076.0,train,2.2136291141725653E-5,2.7364032137167,0.13176449967274834
1077.0,1077.0,train,4.213895009348844E-4,95.37095055777168,0.7428610539896913
1078.0,1078.0,train,5.619667806049647E-5,9.561629071651314,0.2781197470648201
1079.0,1079.0,train,1.6777682453275955E-4,53.54604523764843,0.5349353624317321
1080.0,1080.0,train,1.2303091532924205E-4,32.52295955688009,0.45754510162710443
1081.0,1081.0,train,1.5422771829114255E-5,1.5214013160702042,0.09562411461897784
1082.0,1082.0,train,1.4706895829322484E-5,1.397741818277286,0.09159208507400235
1083.0,1083.0,train,1.5057407881726609E-5,1.4591580640913069,0.09357075700720387
1084.0,1084.0,train,1.0589675347852075E-4,24.79852382984193,0.42062687185165865
1086.0,1086.0,train,7.807670504834035E-5,14.96515822220725,0.34865117393663836
1087.0,1087.0,train,2.3905792569470482E-4,77.77998326718584,0.6210578641212666
1089.0,1089.0,train,1.8368577514354684E-4,60.53534156578823,0.5573863610881296
1090.0,1090.0,train,1.611027565947869E-4,50.75494200329479,0.5248238862671989
1091.0,1091.0,train,2.4239196359602798E-4,78.81100483548927,0.6243119338210568
1092.0,1092.0,train,2.7968108141578204E-4,86.16299643729593,0.6572323526852359
1093.0,1093.0,train,6.341443131396486E-5,11.067030774466847,0.3030166660672085
1094.0,1094.0,train,1.234559216653641E-4,32.71313510346262,0.45840113915087366
1095.0,1095.0,train,1.9789891729849493E-4,66.01049060092487,0.5756866363422782
1096.0,1096.0,train,1.5388358438536394E-4,47.35327544999647,0.5133796102089626
1097.0,1097.0,train,3.258724844704342E-5,4.782328080597602,0.18261291294009752
1098.0,1098.0,train,5.1082749598071416E-5,8.384471211957386,0.2593752385305719
1101.0,1101.0,train,1.755931122091734E-4,57.009004203765976,0.5462435418956914
1102.0,1102.0,train,1.4613558495406808E-4,43.687385020104834,0.5004674259223305
1103.0,1103.0,train,7.39175979462811E-5,13.838907810473298,0.3363250889132943
1106.0,1106.0,train,1.2027017038658788E-4,31.133621165982326,0.45191791201268877
1107.0,1107.0,train,1.0792662225073558E-4,25.71225176525897,0.42526084079631615
1108.0,1108.0,train,1.6528700713441927E-4,52.55601120348713,0.5312139179479
1110.0,1110.0,train,1.4045244875204345E-4,41.0822324388706,0.4905520841685039
1111.0,1111.0,train,2.4783979717369454E-4,80.24434856314022,0.6295104950309194
1112.0,1112.0,train,1.5899634240052463E-4,49.677040287525706,0.5215406705270074
1113.0,1113.0,train,2.4851610199558304E-4,80.36107653785302,0.6301458331744602
1115.0,1115.0,train,2.467624764044681E-4,79.9800776047268,0.6284939119026292
1116.0,1116.0,train,0.0010917756668960103,99.602145968995,0.8821443933681281
1118.0,1118.0,train,2.1719341836121657E-4,72.11303312190341,0.5982366396714159
1119.0,1119.0,train,1.0684844883609977E-4,25.211193946042844,0.4228087578328897
1120.0,1120.0,train,5.870571257859544E-5,10.152305583943532,0.28697362263351484
1121.0,1121.0,train,4.537678399650652E-4,96.00916990360732,0.7567458258080961
1123.0,1123.0,train,1.1188963162953925E-4,27.53992301317341,0.43409760847968343
1124.0,1124.0,train,1.0288133954224204E-4,23.538905076383838,0.41360338521481593
1126.0,1126.0,train,1.0380911012213276E-4,23.96058178857224,0.41578241264848176
1127.0,1127.0,train,1.1157729743395174E-4,27.417257631466196,0.4334110378929203
1128.0,1128.0,train,2.3717263519671626E-4,77.40495859632529,0.6191927198109205
1129.0,1129.0,train,4.468551908106171E-4,95.77245150853487,0.7539088420706088
1130.0,1130.0,train,1.4887930655752224E-4,44.932712198556615,0.5051175222899766
1131.0,1131.0,train,2.3212920266419727E-4,76.25575262522115,0.6141117213298108
1132.0,1132.0,train,2.0181058393864713E-4,67.33478058254212,0.5804605805490518
1134.0,1134.0,train,2.1931508664159438E-4,72.62812593745545,0.600570869242096
1135.0,1135.0,train,2.4176856849217955E-4,78.6040633364855,0.6237077458349409
1136.0,1136.0,train,9.837219912349428E-5,21.55421098746224,0.40277714514001056
1137.0,1137.0,train,3.3623656146434107E-4,91.75817007313043,0.6974427284550627
1138.0,1138.0,train,6.855239780254465E-5,12.345537978634022,0.31971828155190307
1139.0,1139.0,train,2.97510317413976E-4,87.82110543204048,0.6710159756806742
1140.0,1140.0,train,3.964702751545654E-4,94.72535574116992,0.7310459794679529
1141.0,1141.0,train,2.2003153227053522E-4,72.89615140883704,0.6013529786606925
1144.0,1144.0,train,2.7290093629596607E-4,85.09470004168752,0.6516826471001466
1145.0,1145.0,train,9.767767253455298E-5,21.302771694629353,0.4010739888979622
1147.0,1147.0,train,2.0180890156763556E-4,67.33431364403688,0.5804585504115968
1148.0,1148.0,train,1.91385125457501E-4,63.71061155260504,0.5674912101424131
1149.0,1149.0,train,1.543758513552966E-4,47.60884342401148,0.5141774664988795
1151.0,1151.0,train,8.61867507683666E-5,17.40392778365062,0.3714155924369813
1152.0,1152.0,train,7.258431132446176E-5,13.397445822070795,0.3322743617379372
1154.0,1154.0,train,1.5658320477750646E-4,48.46418221960194,0.5177231661907178
1155.0,1155.0,train,1.7371229859373252E-4,56.33699768987599,0.5435730214580532
1156.0,1156.0,train,1.3364455567832343E-4,37.448973777700246,0.4781435760345626
1157.0,1157.0,train,1.4907070993644802E-4,45.01381877532298,0.5054386870144522
1158.0,1158.0,train,3.2337422515121047E-4,90.47482766591503,0.6891492760023267
1159.0,1159.0,train,1.4608572593601403E-4,43.6607568019693,0.5003821156102921
1160.0,1160.0,train,1.3774163529352114E-4,39.55483847946027,0.485682558094607
1161.0,1161.0,train,1.3408960134454845E-4,37.711442012640504,0.4789731816977669
1162.0,1162.0,train,6.923012509445775E-5,12.5423783817061,0.32186175463009575
1164.0,1164.0,train,2.1395254483148662E-4,71.03506011597678,0.5946179365051606
1165.0,1165.0,train,2.331546352598024E-4,76.49637967831676,0.6151557435326539
1166.0,1166.0,train,1.57972511265284E-4,49.20831065404181,0.5199284093882117
1167.0,1167.0,train,1.7018470677253428E-4,54.881589846916874,0.5384785688507181
1.0,1.0,test,3.925137375502459E-4,94.57620836294363,0.7290694314618938
5.0,5.0,test,1.1049014177237675E-4,26.924287451692212,0.431008214463427
6.0,6.0,test,2.3136862814386342E-4,76.06647236308704,0.6133336924635598
17.0,17.0,test,1.6796526288107952E-5,1.7439044406524438,0.10326211414511027
22.0,22.0,test,1.5538482239595105E-5,1.540142604012987,0.09627247271579907
31.0,31.0,test,1.9482296294249932E-4,64.94776166471544,0.571855630149826
34.0,34.0,test,2.7000722518591517E-4,84.68710916579464,0.6492589805851313
35.0,35.0,test,2.2924551560248298E-4,75.46174291833479,0.6111451605949055
36.0,36.0,test,9.777492098177008E-5,21.335637302061496,0.40131305151022106
38.0,38.0,test,3.014879807087206E-4,88.32424994386379,0.6739411706073267
53.0,53.0,test,2.4036077341611862E-4,78.14605979273384,0.6223361500034795
58.0,58.0,test,1.0030457287266301E-4,22.372833607177924,0.4074652508173093
64.0,64.0,test,1.2240351166200393E-4,32.207717383148534,0.45627644276490814
66.0,66.0,test,1.5705751898044244E-4,48.700743863750496,0.5184783182265561
67.0,67.0,test,3.4829222261210994E-4,92.3960470829494,0.7048240747528912
69.0,69.0,test,3.4121114635142887E-4,92.10693316892325,0.7005328083683805
84.0,84.0,test,2.4403030982327842E-4,79.20930402389781,0.6258905906642728
86.0,86.0,test,1.32502277239203E-4,36.831155947496455,0.47600212296721595
91.0,91.0,test,1.5718461403531174E-4,48.769247559575646,0.5186802637311889
99.0,99.0,test,1.112691322941089E-4,27.298794788583116,0.43273199700419446
113.0,113.0,test,1.4854878738298835E-4,44.79434132620396,0.5045619454694735
117.0,117.0,test,1.2238628076170906E-4,32.199573314074456,0.4562415168184132
120.0,120.0,test,1.2341030198982335E-4,32.69272188607381,0.458309382560389
123.0,123.0,test,1.1064362091797976E-4,27.00308938910341,0.431348667686804
131.0,131.0,test,3.795575038460448E-4,93.92008765595094,0.72238860659102
132.0,132.0,test,2.9111533701825455E-4,87.38687390719117,0.6662014389269305
137.0,137.0,test,3.0764367771860635E-4,88.90776466928922,0.6783669512765776
141.0,141.0,test,3.8576319461713205E-4,94.26660786760159,0.7256291762687502
146.0,146.0,test,2.609903836921238E-4,82.9383250276504,0.6414857154814656
148.0,148.0,test,2.0623710402565823E-5,2.4370451111005367,0.12387630626178409
155.0,155.0,test,9.431527786910867E-5,20.000364323297784,0.3926892635454085
171.0,171.0,test,1.9673920985317908E-4,65.46386431680033,0.574250335252777
174.0,174.0,test,1.681670837787837E-4,53.78096252481723,0.535513319798381
177.0,177.0,test,1.220478274834836E-4,32.03960564964335,0.455554582621332
183.0,183.0,test,1.366810214846746E-4,38.948160689060764,0.4837519105045819
184.0,184.0,test,1.3143790815954088E-4,36.4077550190473,0.47399084963091237
185.0,185.0,test,1.992353577320217E-4,66.41601066364694,0.5773298495421824
208.0,208.0,test,5.087087814279385E-5,8.340783177621297,0.25857762523358907
210.0,210.0,test,4.328373062562981E-5,6.745064995235768,0.22883726169201513
222.0,222.0,test,2.113271140078257E-4,70.23739399862143,0.5916382803347484
224.0,224.0,test,2.06606259598774E-4,68.9140958742433,0.5861688151093659
229.0,229.0,test,1.683599406182426E-4,53.885249508078516,0.5357984025620651
234.0,234.0,test,9.221118509369162E-5,19.276879710478084,0.38732185999297114
238.0,238.0,test,8.515543648351806E-5,17.11484291555331,0.3686094563411533
243.0,243.0,test,2.672554791381382E-4,83.93314171481298,0.646922723133398
247.0,247.0,test,2.54216200607652E-4,81.52924439996931,0.63541530800693
252.0,252.0,test,3.302154167549641E-4,91.14601037485099,0.6936161684946399
261.0,261.0,test,1.2086572476932252E-4,31.514522626832758,0.45314167659698107
262.0,262.0,test,2.271179296172384E-4,74.99540375820095,0.608927023134766
268.0,268.0,test,2.2220592938777304E-4,73.55195399543027,0.6037080208375272
277.0,277.0,test,2.0993418243461792E-4,69.8423142126403,0.5900395589722706
278.0,278.0,test,2.941273462491709E-4,87.58827490565491,0.6684865009679174
280.0,280.0,test,1.9784278389809143E-4,65.98181371894303,0.5756173381806307
284.0,284.0,test,2.1969180590521875E-4,72.73198120698726,0.6009824978300768
287.0,287.0,test,2.438003739723439E-4,79.16407220833278,0.6256698328070015
288.0,288.0,test,3.353199882602851E-4,91.66482960620567,0.6968664069321129
291.0,291.0,test,2.4722058194287777E-4,80.09446633928502,0.6289268711337557
296.0,296.0,test,1.7059972378984117E-4,55.07243819097717,0.5390838201788736
301.0,301.0,test,1.0742304361320034E-4,25.444947484974893,0.4241181532468554
308.0,308.0,test,2.3205867825923458E-4,76.23820157992405,0.6140397101939269
309.0,309.0,test,1.735242260269868E-4,56.28689566449163,0.543304252104625
317.0,317.0,test,1.9645536178180962E-4,65.3468217410705,0.5738973061067174
325.0,325.0,test,2.572415825866003E-4,82.32951339323999,0.638151593010924
332.0,332.0,test,1.4700639897872732E-4,44.165053721145206,0.5019527314961159
334.0,334.0,test,1.6194244636853641E-4,51.07000232151955,0.5261201629699427
337.0,337.0,test,1.5390890323432627E-4,47.365088369883665,0.5134207104056495
346.0,346.0,test,2.4319554351101433E-4,79.04509302451352,0.6250878984978856
347.0,347.0,test,7.165984784376723E-5,13.145868854154422,0.32943654915485465
351.0,351.0,test,1.443206002712314E-4,42.90331731236056,0.4973430412620854
355.0,355.0,test,1.2348931412636623E-4,32.728077067812514,0.4584682829773189
357.0,357.0,test,1.1814361548550009E-4,30.063524266679934,0.4475031424416575
358.0,358.0,test,1.2777778814982495E-4,34.629251008459185,0.46695513184121623
366.0,366.0,test,9.651720378468638E-5,20.848969537918578,0.39820644432487395
370.0,370.0,test,1.2218342420883103E-4,32.10369452942039,0.4558300017894298
402.0,402.0,test,1.593880221437495E-4,49.87724596627561,0.5221546015320144
405.0,405.0,test,1.4399564307222785E-4,42.73504144375252,0.49677951755456795
409.0,409.0,test,2.2524263208609439E-4,74.34574949129149,0.6069508231110701
414.0,414.0,test,1.8044154637720586E-4,59.13687931294382,0.5529857432225703
419.0,419.0,test,1.0131287007337009E-4,22.88152641060292,0.40988236407215056
422.0,422.0,test,8.690056320001952E-5,17.645798208676357,0.37334326578186716
425.0,425.0,test,6.405251519013467E-5,11.222299626515666,0.3051353024786836
427.0,427.0,test,1.24278097817001E-4,33.162168375561855,0.4600495011134308
439.0,439.0,test,7.18933408622807E-5,13.209522639372091,0.33015557374955534
443.0,443.0,test,1.8174865274327837E-4,59.62835271554793,0.5547692447299343
444.0,444.0,test,3.926188650966813E-4,94.58017129707903,0.7291223251402229
449.0,449.0,test,3.69430483583566E-5,5.6455114722609405,0.2020891952126868
463.0,463.0,test,7.530753434156493E-5,14.226838228463176,0.3404959317578704
464.0,464.0,test,1.648234850923296E-4,52.380529850184374,0.5305145217227186
468.0,468.0,test,1.3072275875641195E-4,36.072716402744206,0.47263078083280446
470.0,470.0,test,2.261845988538733E-5,2.819423881395672,0.1342492655928671
471.0,471.0,test,1.974424024460118E-5,2.289278656753097,0.1192235721348931
479.0,479.0,test,4.763722756970495E-5,7.6820019258776835,0.2461874293637712
481.0,481.0,test,4.522455832241104E-5,7.171501982409483,0.23666978134853392
482.0,482.0,test,1.1768582113791524E-4,29.818406674866615,0.4465434329209077
500.0,500.0,test,1.6807833380176674E-4,53.73063630859499,0.5353820110824611
503.0,503.0,test,1.463627307427638E-4,43.831716912089206,0.5008557109364479
505.0,505.0,test,1.156280451303647E-4,28.868068452840742,0.44218805874965306
515.0,515.0,test,1.3425720981915284E-4,37.79063337629203,0.4792849358261618
518.0,518.0,test,2.633064729596135E-4,83.3155013534553,0.6435150747888843
523.0,523.0,test,9.797617429586798E-5,21.403651883320496,0.40180718017349587
524.0,524.0,test,1.2966198817437947E-4,35.5766853776307,0.4706004076557244
525.0,525.0,test,4.922228766222643E-5,7.990338035900679,0.2523121383385252
533.0,533.0,test,1.3376794485580007E-4,37.51558893025326,0.4783738492783773
550.0,550.0,test,3.9851115969225643E-4,94.80600893777643,0.7320543015666863
557.0,557.0,test,7.470344277577436E-5,14.075131924280827,0.3386896662859579
565.0,565.0,test,1.4756920215907232E-4,44.37892000990313,0.5029079877946963
567.0,567.0,test,1.5887574355524168E-4,49.61446026737614,0.5213513223796721
576.0,576.0,test,2.2365655077322824E-4,73.86796661807186,0.6052637442777014
584.0,584.0,test,1.1683942073172838E-4,29.43543378736176,0.44476024966171956
586.0,586.0,test,1.8463475357072924E-4,60.97944898460225,0.5586572662187766
591.0,591.0,test,1.6737648150754768E-4,53.36683740589616,0.5343409749844797
608.0,608.0,test,5.9163757443857875E-5,10.261213132060508,0.28856657906724476
612.0,612.0,test,7.550774371745337E-5,14.279525270465793,0.3410923932792042
616.0,616.0,test,1.0542023620096818E-4,24.605323963539877,0.4195281844163923
618.0,618.0,test,2.3517158205652825E-4,77.012307249836,0.61719285832891
620.0,620.0,test,1.2426238039833483E-4,33.155377131145606,0.4600180837016596
621.0,621.0,test,7.307957246224138E-4,98.51877906716335,0.8336152134092953
624.0,624.0,test,1.1945329495259274E-4,30.72269555613766,0.4502304338581721
625.0,625.0,test,1.3728565129953187E-4,39.29937394441228,0.4848542975912849
628.0,628.0,test,1.796370270502118E-4,58.82607071460384,0.5518808829763789
634.0,634.0,test,2.321217153431011E-4,76.2538892941972,0.6141040774428645
638.0,638.0,test,9.721108083413592E-5,21.118488332841817,0.39992432146543716
643.0,643.0,test,2.0882825956838037E-4,69.50310822572733,0.5887613060906525
645.0,645.0,test,1.408046054222377E-4,41.27504443610964,0.49117791604632466
649.0,649.0,test,2.879246601125785E-4,87.14328694892176,0.6637462185145714
650.0,650.0,test,1.932587887088598E-4,64.40961885033087,0.5698808435561789
662.0,662.0,test,1.3519020286450898E-4,38.17647790160731,0.4810135203178186
663.0,663.0,test,3.0238643677831873E-4,88.41119244450147,0.6745947125088273
664.0,664.0,test,2.352923451098559E-4,77.0314133953236,0.617314144852031
667.0,667.0,test,3.841434245846198E-5,5.879363353517201,0.20845983160779807
675.0,675.0,test,4.157687686702713E-4,95.28771246172701,0.7402876415603494
677.0,677.0,test,2.4923362926274555E-4,80.48031470014986,0.6308175187620816
679.0,679.0,test,1.1522798274324133E-4,28.678113040765627,0.44133333788621343
685.0,685.0,test,5.945132696485047E-4,97.62442635575216,0.8029884361017632
687.0,687.0,test,1.2066219531326715E-4,31.371467525501828,0.45272407277578597
693.0,693.0,test,3.73129472635952E-4,93.57721692077968,0.7189502213802467
697.0,697.0,test,1.77761014827304E-4,58.0328598597978,0.5492831834371206
699.0,699.0,test,1.8615000485983663E-4,61.511785113483114,0.5606714822954096
701.0,701.0,test,1.6254366844708164E-4,51.39943434356987,0.5270439671873021
702.0,702.0,test,2.797086849071856E-4,86.16645344300883,0.6572545853497069
704.0,704.0,test,1.6548578196881332E-5,1.7037449895431547,0.10189309240633931
706.0,706.0,test,2.0411306324696394E-4,67.97330208626082,0.5832207176283375
710.0,710.0,test,1.904579215282273E-4,63.13601851195936,0.5662988242726156
711.0,711.0,test,1.7879877619969483E-4,58.42675846832693,0.5507238737136292
713.0,713.0,test,3.6234501971814197E-4,92.98198805441902,0.7129861863512067
724.0,724.0,test,3.802790428071118E-4,93.96603328642242,0.7227693166818272
728.0,728.0,test,5.953189448835531E-5,10.318288951203902,0.28984171054028496
730.0,730.0,test,9.497694076825646E-5,20.322212109455343,0.394357739430894
734.0,734.0,test,1.3126157353621088E-4,36.29929158355058,0.4736561490492187
736.0,736.0,test,1.5107632087828004E-4,45.94967123522551,0.5087790963643508
737.0,737.0,test,1.9756579012061452E-4,65.84030585002165,0.5752750503658054
738.0,738.0,test,1.93548082229089E-4,64.50650124525868,0.5702474515852426
739.0,739.0,test,3.435045610613683E-5,5.155834099068783,0.19061024190333292
752.0,752.0,test,3.982620156936465E-5,6.124914967413329,0.21447819744001448
765.0,765.0,test,1.0890911570664149E-4,26.19797251230527,0.42747724633118994
767.0,767.0,test,2.791215376123399E-4,86.09292029740341,0.6567810569976279
768.0,768.0,test,1.705253699208389E-4,55.032862491990976,0.5389755009523514
776.0,776.0,test,2.2656856708637703E-4,74.81148712964865,0.608350162620405
777.0,777.0,test,1.720816254137914E-4,55.75592483673975,0.5412320976423771
781.0,781.0,test,7.580831507928795E-5,14.363777271045562,0.341985829153535
794.0,794.0,test,5.549312065690952E-5,9.380695738891065,0.275597424034611
799.0,799.0,test,1.2402372795741867E-4,33.05225924065602,0.45954059379462375
800.0,800.0,test,1.6103634761694354E-4,50.70846579833985,0.5247210642821926
806.0,806.0,test,2.5087284574165967E-4,80.83176219669942,0.6323428929084086
810.0,810.0,test,1.2671289259807712E-4,34.199208512589294,0.4648726368855952
814.0,814.0,test,2.007156279256998E-4,66.8749776483692,0.579135115878003
824.0,824.0,test,2.2696293699585773E-4,74.94351503486534,0.6087644446142229
826.0,826.0,test,1.8430013896881742E-4,60.8325456724997,0.5582099725017371
827.0,827.0,test,7.134620975301047E-6,0.4445188742499209,0.04663235363375717
837.0,837.0,test,1.4387055395177184E-4,42.68339500939972,0.4965622576223356
840.0,840.0,test,9.544822864909057E-5,20.478371452892773,0.3955405783752195
842.0,842.0,test,3.00840797215057E-4,88.26162278465755,0.6734687768691467
845.0,845.0,test,2.3800695973344072E-4,77.5945217423013,0.6200203885889537
851.0,851.0,test,1.9940568736117922E-4,66.45723327761193,0.5775383634733886
863.0,863.0,test,2.329685679205575E-4,76.45286364068565,0.614966722799894
865.0,865.0,test,2.4730258879352703E-4,80.11431625339398,0.629004269994997
870.0,870.0,test,1.9080900302541839E-4,63.27355709366678,0.5667510882956601
877.0,877.0,test,7.385713295217945E-5,13.818952508372265,0.33614245125377945
878.0,878.0,test,2.7556003021143036E-4,85.68017379683099,0.6538804610417402
883.0,883.0,test,3.166236591769362E-4,89.85537215546694,0.6846120206051624
890.0,890.0,test,2.373416028036764E-4,77.45864843994255,0.6193606305298348
898.0,898.0,test,1.5053435628959366E-4,45.71168584224197,0.5078808944076544
902.0,902.0,test,1.749779843986335E-4,56.726056082067835,0.5453735827273398
913.0,913.0,test,1.517847707984949E-4,46.343643917592786,0.5099482832363078
915.0,915.0,test,4.536998642092127E-4,96.00832834846308,0.7567182467198962
939.0,939.0,test,1.3553647273186243E-4,38.51768806600845,0.48165214848175963
940.0,940.0,test,2.3448853536431555E-4,76.88445701332881,0.6165054010801876
951.0,951.0,test,5.7859098836539596E-5,9.953155525171272,0.2840104728874137
953.0,953.0,test,2.5836673822545836E-4,82.50287562118645,0.6391587830564279
958.0,958.0,test,1.0365987535069139E-4,23.89416936796084,0.4154330029428522
961.0,961.0,test,1.0407378893645407E-4,24.068464829988717,0.416401090116205
964.0,964.0,test,1.5180696565913037E-4,46.35534161285362,0.5099848225082076
967.0,967.0,test,4.1132195846641233E-4,95.19277389836085,0.7382149144405773
970.0,970.0,test,2.975702441659349E-4,87.82859839070571,0.6710604354987569
986.0,986.0,test,1.3866462474068284E-4,40.07740187455825,0.48735097332369537
987.0,987.0,test,2.4812646250707207E-4,80.29632652946371,0.6297800621455735
988.0,988.0,test,2.4060272345244498E-4,78.20266523397882,0.6225725897933888
989.0,989.0,test,2.7604002856560053E-4,85.76348606776914,0.6542742410134635
992.0,992.0,test,1.243682886745534E-4,33.201138397978326,0.46022971218028796
1012.0,1012.0,test,1.1625570839994983E-4,29.194880300110928,0.4435237840401465
1017.0,1017.0,test,1.0336948269154454E-4,23.764938899515343,0.4147518949725351
1023.0,1023.0,test,2.2547399457279764E-4,74.50505123176784,0.6071957136870746
1024.0,1024.0,test,1.752233919290343E-4,56.82999178037301,0.545721055820783
1026.0,1026.0,test,1.1391329211131341E-4,28.24984243366996,0.4385060016269361
1031.0,1031.0,test,1.725606137246721E-4,55.953463839899186,0.5419221995141349
1039.0,1039.0,test,2.062246055211951E-4,68.83047053302586,0.585720232053169
1040.0,1040.0,test,3.067068716213783E-4,88.83711460781451,0.6777011799123679
1048.0,1048.0,test,6.301521005012075E-6,0.3740847338292628,0.04141265728927176
1052.0,1052.0,test,1.4425818538304542E-4,42.869378505850236,0.49723490258886627
1053.0,1053.0,test,1.511677962807361E-4,45.98858827862358,0.5089303759267103
1060.0,1060.0,test,1.3261599990720924E-4,36.88963368049798,0.47621610865411085
1063.0,1063.0,test,1.894554731303323E-4,62.63014213245017,0.5650022552214025
1064.0,1064.0,test,1.6912754216118678E-4,54.23566468269198,0.5369296184432459
1072.0,1072.0,test,9.836030501232761E-5,21.548288181532648,0.4027480592738074
1075.0,1075.0,test,1.4143272577103229E-4,41.579131961506725,0.4922903653803787
1085.0,1085.0,test,2.925683145361245E-4,87.48870204184469,0.6673076606318822
1088.0,1088.0,test,1.1428345705706437E-4,28.355442382895845,0.4393049581434657
1099.0,1099.0,test,1.3771220416074532E-4,39.534320187187824,0.48562917907725095
1100.0,1100.0,test,4.432477315171861E-5,6.964703586270197,0.2330584313207221
1104.0,1104.0,test,5.735568631864595E-5,9.853100304255364,0.2822368230865308
1105.0,1105.0,test,2.263868628155352E-5,2.822784519163803,0.13435318774499175
1109.0,1109.0,test,1.329092427752172E-4,37.04412758379226,0.4767670821079909
1114.0,1114.0,test,1.3200904842014215E-4,36.6418405711276,0.47507201424134243
1117.0,1117.0,test,1.6142441114331033E-4,50.86854323696877,0.5253212797393066
1122.0,1122.0,test,2.1297524524086552E-4,70.74338410300595,0.5935138731544869
1125.0,1125.0,test,5.867687526724469E-5,10.145056947797318,0.28687309552194856
1133.0,1133.0,test,3.947323349966028E-5,6.053063587316068,0.2129821883072427
1142.0,1142.0,test,2.2416429044485448E-4,73.96482787492674,0.605805389376128
1143.0,1143.0,test,4.607180526702753E-5,7.366707933679863,0.2400393135656357
1146.0,1146.0,test,5.107078581281112E-4,96.77102219811377,0.7778416529449148
1150.0,1150.0,test,1.315559464114332E-4,36.48036035360095,0.4742146601842287
1153.0,1153.0,test,1.7761542960765842E-4,57.970232937803296,0.5490803328608138
1163.0,1163.0,test,1.352691021192317E-4,38.21654392206631,0.481159173208286
